id,first_name,last_name,email,gender,age,job,favorite_film
1,Flint,Mountlow,fmountlow0@jalbum.net,Male,32,Editor,"Escapist, The"
2,Hannah,Bisseker,hbisseker1@simplemachines.org,Female,41,Data Coordinator,Children of the Corn 666: Isaac's Return
3,Shanta,Algy,salgy2@nih.gov,Female,20,Programmer Analyst IV,Watch on the Rhine
4,Morse,Misselbrook,mmisselbrook3@homestead.com,Male,63,General Manager,Waste Land
5,Sunshine,Darthe,sdarthe4@dell.com,Female,43,Senior Cost Accountant,"Mother, The"
6,Kevon,Rutledge,krutledge5@nhs.uk,Male,33,Editor,"Princess Diaries 2: Royal Engagement, The"
7,Travis,Fellona,tfellona6@japanpost.jp,Male,47,VP Quality Control,Trial of the Road (Check-up on the Roads) (Checkpoint) (Proverka na dorogakh)
8,Aldon,McCorkindale,amccorkindale7@nytimes.com,Male,37,Chief Design Engineer,Inventing the Abbotts
9,Ardelia,Tilte,atilte8@loc.gov,Female,26,Information Systems Manager,The Man from Acapulco
10,Krystal,Trudgion,ktrudgion9@flavors.me,Female,45,Mechanical Systems Engineer,Guilty Hands
11,Teodora,McGarahan,tmcgarahana@gizmodo.com,Female,72,Financial Advisor,Aurora Borealis
12,Jesse,Manston,jmanstonb@hubpages.com,Female,58,Senior Financial Analyst,Any Number Can Win (Mélodie en sous-sol )
13,Juana,Spring,jspringc@google.it,Female,59,Systems Administrator II,"Star Maker, The (Uomo delle stelle, L')"
14,Laura,Corser,lcorserd@jiathis.com,Female,67,Research Nurse,"Rocker, The"
15,Kirstyn,Langlands,klanglandse@nsw.gov.au,Female,35,Developer II,Into Great Silence (Die große Stille)
16,Cyndia,Lethabridge,clethabridgef@tinypic.com,Female,77,Programmer IV,Exorcist II: The Heretic
17,Gradeigh,Lowde,glowdeg@theguardian.com,Bigender,72,Project Manager,Head Games
18,Ally,Stevens,astevensh@cbsnews.com,Female,23,Product Engineer,Wuthering Heights
19,Budd,Castanone,bcastanonei@scientificamerican.com,Male,26,Paralegal,Howl
20,Georgetta,Fidgeon,gfidgeonj@canalblog.com,Female,79,Research Nurse,Gangster No. 1
21,Irv,Fosserd,ifosserdk@bbc.co.uk,Male,29,Nuclear Power Engineer,"Killing, The"
22,Jocelin,Hubbart,jhubbartl@eepurl.com,Female,69,Health Coach I,Hurlyburly
23,Dionis,Billie,dbilliem@china.com.cn,Female,55,Assistant Media Planner,Better Things
24,Giorgio,Claessens,gclaessensn@yellowpages.com,Male,67,Technical Writer,Satan's Sword II (Daibosatsu toge: Ryujin no maki)
25,Isidor,Sher,ishero@flickr.com,Male,36,Environmental Tech,Storage
26,Kenneth,Kobke,kkobkep@netvibes.com,Male,23,Senior Editor,Ong-Bak: The Thai Warrior (Ong Bak)
27,Taite,Dikels,tdikelsq@cam.ac.uk,Male,52,Staff Accountant I,Kurt & Courtney
28,Hamish,Vella,hvellar@storify.com,Male,21,Civil Engineer,Paradise
29,Jamima,Marchand,jmarchands@hostgator.com,Female,43,Pharmacist,Miss Kicki
30,Velvet,Ferrieres,vferrierest@intel.com,Female,54,Structural Analysis Engineer,Ignition
31,Koralle,Friedman,kfriedmanu@mail.ru,Female,57,Accounting Assistant IV,Vice Squad
32,Gris,Bagster,gbagsterv@bbc.co.uk,Male,62,Associate Professor,Lights Out
33,Ranna,Cruces,rcrucesw@t-online.de,Female,64,Quality Control Specialist,"Christine Jorgensen Story, The"
34,Aeriela,Bernuzzi,abernuzzix@mayoclinic.com,Female,76,Budget/Accounting Analyst I,Stand by for Action
35,Margarette,Kelinge,mkelingey@mozilla.org,Female,49,General Manager,"Modern Affair, A"
36,Giraldo,Embling,gemblingz@cbslocal.com,Genderqueer,37,Administrative Officer,Lovely Molly
37,Hurlee,Freer,hfreer10@51.la,Male,69,Programmer Analyst II,False as Water (Falsk som vatten)
38,Keven,Mathely,kmathely11@github.com,Male,24,Librarian,Alila
39,Aleta,Reaney,areaney12@ezinearticles.com,Female,73,Graphic Designer,Lady and the Tramp
40,Josepha,Rainford,jrainford13@bluehost.com,Female,27,Help Desk Operator,I Smile Back
41,Brittany,Jiruch,bjiruch14@constantcontact.com,Polygender,48,Accountant I,"Benchwarmers, The"
42,Alleyn,Picford,apicford15@discuz.net,Male,29,Administrative Assistant IV,"Dinner Guest, The (L'invité)"
43,Dore,Clifton,dclifton16@jalbum.net,Male,52,Web Developer I,Rosencrantz and Guildenstern Are Dead
44,Dominique,Capes,dcapes17@multiply.com,Female,66,Editor,"Yacoubian Building, The (Omaret yakobean)"
45,Molly,Branche,mbranche18@answers.com,Female,39,Product Engineer,Narco Cultura
46,Donny,Vynoll,dvynoll19@wunderground.com,Male,70,Developer II,Genocide (Konchû daisensô)
47,Hillie,Reimers,hreimers1a@qq.com,Male,38,Budget/Accounting Analyst I,28 Days
48,Gabriel,Fleming,gfleming1b@shinystat.com,Male,31,Geologist II,"Boy with Green Hair, The"
49,Pepillo,Boutell,pboutell1c@mlb.com,Male,56,Accountant III,Destiny Turns on the Radio
50,Rey,Alam,ralam1d@samsung.com,Bigender,63,Quality Engineer,Who Are the DeBolts? [And Where Did They Get 19 Kids?]
51,Alayne,Bennellick,abennellick1e@123-reg.co.uk,Female,20,Staff Scientist,"Mother of Tears: The Third Mother (Terza madre, La)"
52,Elizabeth,Nossent,enossent1f@thetimes.co.uk,Non-binary,43,Sales Associate,I'm Going Home (Je rentre à la maison)
53,Murielle,Heindle,mheindle1g@flavors.me,Female,36,Product Engineer,"Fourth Kind, The"
54,Paten,Hendrick,phendrick1h@hostgator.com,Male,30,Recruiting Manager,Ivan Vasilievich: Back to the Future (Ivan Vasilievich menyaet professiyu)
55,Rafaellle,Rosnau,rrosnau1i@angelfire.com,Male,44,Research Associate,"Man from Nowhere, The (Ajeossi)"
56,Jeremiah,De Cleen,jdecleen1j@yelp.com,Male,24,VP Sales,Run Sister Run!
57,Ansley,Doreward,adoreward1k@bloglovin.com,Female,63,Staff Scientist,American Kickboxer (American Kickboxer 1)
58,Liesa,Peirce,lpeirce1l@google.it,Female,29,Safety Technician III,Billy Madison
59,Angela,De Anesy,adeanesy1m@wordpress.org,Female,66,Administrative Officer,Local Hero
60,Brandy,Scoone,bscoone1n@prweb.com,Male,42,Geological Engineer,"Next Best Thing, The"
61,Jerrold,Rodrig,jrodrig1o@go.com,Male,45,Physical Therapy Assistant,"Rocket, The"
62,Candace,Langlais,clanglais1p@ucoz.com,Female,45,Mechanical Systems Engineer,Beyond the Rocks
63,Baily,Ibberson,bibberson1q@go.com,Male,54,Quality Control Specialist,Hum Tumhare Hain Sanam
64,Osmund,Ovenell,oovenell1r@state.tx.us,Male,65,Research Nurse,Carriers
65,Lucine,Minchinton,lminchinton1s@stanford.edu,Female,62,Web Designer III,Johnny English
66,Lura,Elnor,lelnor1t@canalblog.com,Female,55,Assistant Media Planner,With Byrd at the South Pole
67,Felipe,Alecock,falecock1u@yahoo.com,Male,52,Clinical Specialist,American Virgin
68,Marlow,Rowley,mrowley1v@engadget.com,Male,22,Statistician IV,Gimme the Loot
69,Clementius,Rainard,crainard1w@vistaprint.com,Male,60,Paralegal,Big Deal on Madonna Street (I Soliti Ignoti)
70,Jeramey,Claye,jclaye1x@flickr.com,Male,24,Senior Financial Analyst,Two for the Seesaw
71,Sibel,Dabourne,sdabourne1y@1688.com,Female,53,Associate Professor,Some Days Are Better Than Others
72,Schuyler,Aimson,saimson1z@miitbeian.gov.cn,Male,50,Actuary,Funeral Parade of Roses (Bara no sôretsu)
73,Pietra,Agney,pagney20@wsj.com,Female,28,Web Developer I,Battle of Los Angeles
74,Nichole,Giraudat,ngiraudat21@wired.com,Bigender,68,Engineer I,Warning from Space (Uchûjin Tôkyô ni arawaru)
75,Carrie,Dunsmuir,cdunsmuir22@ucsd.edu,Female,49,Junior Executive,Jean Renoir: Part One - From La Belle Époque to World War II
76,Patrizius,Gundrey,pgundrey23@ted.com,Male,43,Legal Assistant,"Last Run, The"
77,Sander,Wilmott,swilmott24@phoca.cz,Male,50,Junior Executive,Lady Death
78,Natividad,Willets,nwillets25@washingtonpost.com,Female,67,Director of Sales,Torments (El) (This Strange Passion)
79,Bryon,Mauser,bmauser26@google.de,Male,33,Accountant II,"Julia's Eyes (Ojos de Julia, Los)"
80,Markus,Lefeaver,mlefeaver27@guardian.co.uk,Male,22,Recruiting Manager,Cold Mountain
81,Mei,Moakes,mmoakes28@meetup.com,Genderqueer,67,Budget/Accounting Analyst I,"Sting, The"
82,Thorvald,Beveredge,tbeveredge29@examiner.com,Male,26,Systems Administrator II,Expecting Love (Mala wielka milosc)
83,Anton,Lytlle,alytlle2a@tumblr.com,Male,40,General Manager,No Rest for the Brave (Pas de repos pour les braves)
84,Rahal,Waite,rwaite2b@pen.io,Female,78,Biostatistician II,Movie Movie
85,Halli,Waycot,hwaycot2c@domainmarket.com,Female,24,Registered Nurse,Hands of the Ripper
86,Spencer,Fullman,sfullman2d@miitbeian.gov.cn,Male,47,Assistant Media Planner,King Lines
87,Idell,Kemble,ikemble2e@hugedomains.com,Female,37,Executive Secretary,Dummy
88,Emmy,Arnaez,earnaez2f@yellowpages.com,Bigender,63,Legal Assistant,Surf Ninjas
89,Winny,Conaghan,wconaghan2g@facebook.com,Male,43,Physical Therapy Assistant,Barricade
90,Melantha,Radolf,mradolf2h@smh.com.au,Female,28,VP Marketing,Broadway Bill
91,Eloise,Broyd,ebroyd2i@blinklist.com,Female,64,Help Desk Operator,Chasing Papi (a.k.a. Papi Chulo)
92,Connor,Grubey,cgrubey2j@noaa.gov,Male,47,Senior Quality Engineer,"Hard Man, The"
93,Haley,Verbrugge,hverbrugge2k@army.mil,Non-binary,63,Recruiting Manager,"Confession, The"
94,Jerad,Troutbeck,jtroutbeck2l@example.com,Male,70,Geologist II,Carol Channing: Larger Than Life
95,Waylon,Upston,wupston2m@bloglines.com,Male,55,Financial Advisor,Aqua Teen Hunger Force Colon Movie Film for Theaters
96,Isadore,Dametti,idametti2n@businesswire.com,Male,26,Administrative Officer,Memento Mori (Yeogo goedam II)
97,Shalna,Snow,ssnow2o@umn.edu,Polygender,79,Office Assistant II,"Invisible Ray, The"
98,Dory,Harte,dharte2p@sbwire.com,Male,22,Quality Engineer,The Wicker Tree
99,Clarie,Gillean,cgillean2q@msn.com,Female,38,Senior Financial Analyst,"Descendants, The"
100,Mallissa,Tinn,mtinn2r@bbc.co.uk,Genderfluid,51,Accountant III,Dragon Ball Z: Super Android 13! (Doragon bôru Z 7: Kyokugen batoru!! San dai sûpâ saiyajin)
101,Annabelle,Mirams,amirams2s@liveinternet.ru,Female,79,Chemical Engineer,In the Name of the Father
102,Kara,Tunkin,ktunkin2t@cdc.gov,Female,80,Dental Hygienist,"39 Steps, The"
103,Maurizia,Priver,mpriver2u@stanford.edu,Female,73,Administrative Officer,The Third Reich: The Rise & Fall
104,Lizzy,Hambling,lhambling2v@elegantthemes.com,Female,40,Senior Cost Accountant,"Man with the Golden Gun, The"
105,Elias,Dinsell,edinsell2w@arizona.edu,Genderqueer,68,Assistant Media Planner,"Equalizer, The"
106,Barton,Kassman,bkassman2x@de.vu,Male,36,Senior Quality Engineer,Down in the Valley
107,Audrey,Sturdey,asturdey2y@slate.com,Female,65,Health Coach II,Lana Turner... a Daughter's Memoir
108,Tallulah,Halbard,thalbard2z@fema.gov,Non-binary,62,Financial Analyst,Hotel
109,Megan,Benford,mbenford30@a8.net,Female,52,Editor,loudQUIETloud: A Film About the Pixies
110,Lara,Bransby,lbransby31@livejournal.com,Genderqueer,65,Assistant Professor,Tuff Turf
111,Annora,Morffew,amorffew32@google.fr,Female,65,Actuary,Beauty Day
112,Flo,Avory,favory33@chron.com,Female,43,Systems Administrator III,She
113,Flinn,Colbridge,fcolbridge34@ameblo.jp,Male,47,Web Designer I,"Hypnotist, The (Hypnotisören)"
114,Gavra,Hugin,ghugin35@cocolog-nifty.com,Female,28,VP Marketing,Some Like It Hot
115,Gasper,O' Hanvey,gohanvey36@ning.com,Male,42,Assistant Manager,Burn
116,Marietta,Gynni,mgynni37@t-online.de,Female,21,Automation Specialist IV,Family Guy Presents: Blue Harvest
117,Bartholemy,Withers,bwithers38@virginia.edu,Male,38,Environmental Specialist,Valkyrie
118,Tiffanie,Tuffin,ttuffin39@amazon.co.jp,Female,59,Analog Circuit Design manager,"Number 23, The"
119,Diane-marie,Mafham,dmafham3a@seesaa.net,Female,34,Account Representative IV,Emmett's Mark
120,Beatrice,Vivien,bvivien3b@studiopress.com,Non-binary,36,Legal Assistant,Red Psalm (Még kér a nép)
121,Ken,Kilius,kkilius3c@exblog.jp,Male,43,Human Resources Manager,Nathalie...
122,Gabriel,Double,gdouble3d@globo.com,Genderfluid,76,Web Designer IV,Ballast
123,Fielding,D'Angeli,fdangeli3e@forbes.com,Polygender,69,Sales Representative,Heist
124,Astrix,Miguel,amiguel3f@marriott.com,Female,59,Analyst Programmer,Shanghai Noon
125,Chrotoem,Markwick,cmarkwick3g@shareasale.com,Agender,25,Physical Therapy Assistant,66 Scenes From America
126,Hersh,Lie,hlie3h@tumblr.com,Male,72,Occupational Therapist,Tim's Vermeer
127,Kalli,Flynn,kflynn3i@123-reg.co.uk,Genderqueer,74,Senior Cost Accountant,Sushi Girl
128,Traci,Boynes,tboynes3j@unicef.org,Female,36,GIS Technical Architect,"Dangerous Profession, A"
129,Lenard,Moyne,lmoyne3k@imageshack.us,Male,64,Systems Administrator IV,"Banishment, The (Izgnanie)"
130,Harrison,Tarren,htarren3l@yahoo.com,Polygender,42,Sales Associate,Quatre garçons pleins d'avenir
131,Berk,Tebbe,btebbe3m@webs.com,Male,38,Nuclear Power Engineer,Satyricon
132,Ollie,Gabbatiss,ogabbatiss3n@de.vu,Male,59,Assistant Media Planner,Sweet Movie
133,Sondra,Wince,swince3o@ft.com,Female,78,Nuclear Power Engineer,Caesar Must Die (Cesare deve morire)
134,Javier,Gullis,jgullis3p@time.com,Polygender,41,Civil Engineer,"Rink, The"
135,Tara,O'Crigan,tocrigan3q@hostgator.com,Female,69,Data Coordinator,Fugly!
136,Alonso,Wrightam,awrightam3r@china.com.cn,Male,68,Chief Design Engineer,Beauty Day
137,Fulvia,Kernan,fkernan3s@free.fr,Female,50,Analyst Programmer,"Dennis the Menace Christmas, A"
138,Dona,Nunns,dnunns3t@si.edu,Female,65,Product Engineer,Tapia
139,Chrystel,Stollenbeck,cstollenbeck3u@army.mil,Female,35,Geologist IV,Heartbreak Hospital
140,Karalynn,Swinglehurst,kswinglehurst3v@eepurl.com,Female,21,Clinical Specialist,Year One
141,Dwayne,Presland,dpresland3w@gravatar.com,Male,44,Senior Cost Accountant,Elsewhere
142,Penelopa,Egre,pegre3x@blogger.com,Female,44,Structural Analysis Engineer,"Nomi Song, The"
143,Marcie,Pratton,mpratton3y@multiply.com,Female,60,Cost Accountant,Slaves to the Underground
144,Anthiathia,Batcheldor,abatcheldor3z@bbc.co.uk,Female,43,Account Representative I,Dark Tide
145,Laurence,McConway,lmcconway40@patch.com,Male,67,Senior Financial Analyst,Film Noir: Bringing Darkness to Light
146,Teddie,Ledamun,tledamun41@google.com.hk,Male,50,Systems Administrator IV,"Love, Honour and Obey"
147,Rees,Dotterill,rdotterill42@senate.gov,Bigender,24,Marketing Manager,"Cemetery Club, The"
148,Graehme,Claxson,gclaxson43@simplemachines.org,Bigender,47,Internal Auditor,Bounce
149,Rey,Mander,rmander44@nbcnews.com,Male,23,Senior Developer,Battle Circus
150,Latrina,Dalliston,ldalliston45@wufoo.com,Female,52,Recruiter,These Amazing Shadows
151,Linnell,Cahen,lcahen46@dmoz.org,Female,27,Senior Developer,"Second Woman, The"
152,Sauveur,Stilly,sstilly47@salon.com,Male,67,Teacher,Lost & Found
153,Wernher,Finessy,wfinessy48@google.com.br,Male,31,Assistant Manager,"Frisco Kid, The"
154,Ellyn,O'Driscole,eodriscole49@ning.com,Agender,26,Recruiter,Sleuth
155,Myrilla,Maskill,mmaskill4a@multiply.com,Polygender,73,Quality Engineer,Bad Day on the Block
156,Kassie,Seadon,kseadon4b@dedecms.com,Female,77,Recruiting Manager,48 Shades
157,Sibbie,Daintier,sdaintier4c@simplemachines.org,Female,36,Legal Assistant,We Live Again
158,Jacinthe,Loader,jloader4d@google.de,Female,60,Senior Editor,Rouge (Yin ji kau)
159,Daveta,Synke,dsynke4e@slideshare.net,Polygender,72,Administrative Officer,Pharaoh's Curse
160,Westbrooke,Vicioso,wvicioso4f@1688.com,Male,60,VP Marketing,Passing Strange
161,Demetris,Ryburn,dryburn4g@issuu.com,Female,51,Speech Pathologist,Planes
162,Georges,Artin,gartin4h@twitpic.com,Male,26,Director of Sales,Adventures in Babysitting
163,Arlen,Le Ball,aleball4i@usgs.gov,Male,61,Tax Accountant,"Motorcycle Diaries, The (Diarios de motocicleta)"
164,Dionne,Pidcock,dpidcock4j@dailymail.co.uk,Female,29,Occupational Therapist,Bad Luck (Zezowate szczescie)
165,Corrianne,Gantzer,cgantzer4k@wufoo.com,Female,69,Teacher,Heartbeeps
166,Camel,Colson,ccolson4l@i2i.jp,Female,77,Account Executive,Gangster No. 1
167,Ianthe,Aldwich,ialdwich4m@harvard.edu,Female,32,Account Executive,Phil Spector
168,Nichols,Cinelli,ncinelli4n@delicious.com,Male,20,Nuclear Power Engineer,The Brides of Fu Manchu
169,Obie,Duran,oduran4o@tinypic.com,Male,73,Research Nurse,I Saw the Devil (Akmareul boatda)
170,Shea,July,sjuly4p@wiley.com,Male,61,Graphic Designer,West of Memphis
171,Arlen,Odo,aodo4q@opera.com,Male,21,VP Product Management,Alligator
172,Vonny,Mallen,vmallen4r@senate.gov,Female,57,Web Designer IV,Muhammad Ali's Greatest Fight
173,Melly,Tabram,mtabram4s@issuu.com,Female,78,Accountant IV,Hope and Glory
174,Didi,Yegorev,dyegorev4t@youtube.com,Female,56,Account Coordinator,Street Thief
175,Darya,Ventura,dventura4u@utexas.edu,Non-binary,22,Nurse,The Mark of the Angels - Miserere
176,Emmy,Kevane,ekevane4v@reverbnation.com,Male,76,Automation Specialist I,Maps to the Stars
177,Boote,Slatter,bslatter4w@issuu.com,Male,34,Staff Accountant IV,"Lady Eve, The"
178,Wrennie,Harte,wharte4x@alibaba.com,Female,25,VP Quality Control,Munich
179,Mortie,Scamel,mscamel4y@google.com.br,Male,44,Help Desk Technician,"Acadia Acadia?!? (L'acadie, l'Acadie)"
180,Marti,Husset,mhusset4z@howstuffworks.com,Genderfluid,21,Assistant Manager,It's a Small World
181,Marchall,Staples,mstaples50@hexun.com,Male,71,Recruiting Manager,"Cadaver Christmas, A"
182,Vonni,Pablo,vpablo51@house.gov,Female,44,Physical Therapy Assistant,How to Meet Girls from a Distance
183,Olwen,Henker,ohenker52@newyorker.com,Female,49,Accountant I,Oz the Great and Powerful
184,Vilma,Fielden,vfielden53@webeden.co.uk,Genderqueer,36,Assistant Professor,"Torrente, el brazo tonto de la ley"
185,Rogerio,Thamelt,rthamelt54@myspace.com,Male,47,Account Executive,Death by Hanging (Koshikei)
186,Kippar,Treadgear,ktreadgear55@nydailynews.com,Male,61,Web Designer III,Charlie Countryman
187,Kial,Chennells,kchennells56@cnn.com,Female,59,Financial Analyst,Videocracy (Videocracy - Basta apparire)
188,Valma,Crippell,vcrippell57@usa.gov,Female,53,Physical Therapy Assistant,Rabbit
189,Dieter,Parzis,dparzis58@hugedomains.com,Male,71,Internal Auditor,Rebels of the Neon God (Qing shao nian nuo zha)
190,Tabatha,Ridges,tridges59@bloomberg.com,Female,29,Paralegal,30 Days of Night: Dark Days
191,Abby,Coggill,acoggill5a@senate.gov,Female,73,Research Associate,"Girl on the Bridge, The (Fille sur le pont, La)"
192,Ladonna,Gadd,lgadd5b@etsy.com,Female,77,Sales Associate,"Quiet American, The"
193,Thacher,Folder,tfolder5c@examiner.com,Male,22,VP Marketing,"Company Men, The"
194,Cristin,Olenin,colenin5d@nasa.gov,Female,74,Quality Control Specialist,Love Affair
195,Tracy,Poser,tposer5e@oakley.com,Male,41,Analyst Programmer,Bartok the Magnificent
196,Caleb,Lowmass,clowmass5f@springer.com,Male,27,Programmer II,"Rite, The"
197,Steven,Peters,speters5g@foxnews.com,Male,34,Environmental Tech,Afternoon Delight
198,Una,Pollastrone,upollastrone5h@4shared.com,Female,52,Engineer I,Why Don't You Play In Hell? (Jigoku de naze warui)
199,Gracie,Press,gpress5i@archive.org,Female,34,Project Manager,Maid of Salem
200,Clemmie,Walbridge,cwalbridge5j@smugmug.com,Female,78,Accounting Assistant III,Walt & El Grupo
201,Melvin,Wasiela,mwasiela5k@apple.com,Male,61,VP Product Management,Spider-Man 3
202,Deane,Billson,dbillson5l@imdb.com,Male,34,Director of Sales,Right at Your Door
203,Cristian,Lutty,clutty5m@hostgator.com,Male,58,Developer IV,Mahler
204,Jo-ann,Lanston,jlanston5n@wiley.com,Female,50,Senior Developer,Hunting Elephants
205,Pall,Jemmison,pjemmison5o@webs.com,Male,37,Biostatistician IV,Kogel mogel
206,Lek,Schusterl,lschusterl5p@biblegateway.com,Male,63,Account Representative II,Woyzeck
207,Mallory,Blei,mblei5q@adobe.com,Female,66,Editor,Citizenfour
208,Saloma,Bottell,sbottell5r@4shared.com,Female,22,Budget/Accounting Analyst III,Bachelor Party
209,Jorge,Sapp,jsapp5s@tinyurl.com,Male,64,Design Engineer,Crazy Love (a.k.a. Love Is a Dog from Hell)
210,Adair,Wadelin,awadelin5t@live.com,Male,62,Assistant Professor,Inventing the Abbotts
211,Zack,McCandie,zmccandie5u@mysql.com,Male,48,VP Accounting,Pot v raj
212,Joann,Eustes,jeustes5v@netscape.com,Female,30,Quality Control Specialist,Look Both Ways
213,Loree,Klarzynski,lklarzynski5w@uol.com.br,Female,58,VP Marketing,Big Sur
214,Neddy,Uccello,nuccello5x@hc360.com,Male,77,Payment Adjustment Coordinator,Whisky Galore
215,Renelle,Jayne,rjayne5y@chronoengine.com,Female,30,VP Marketing,Vivere
216,Ty,Dawidman,tdawidman5z@hubpages.com,Male,47,Clinical Specialist,Saving Mr. Banks
217,Obadias,Checkley,ocheckley60@newyorker.com,Male,60,Human Resources Manager,Conan the Barbarian
218,Lyndsie,Issard,lissard61@e-recht24.de,Female,64,Budget/Accounting Analyst IV,Beyond the Forest
219,Catriona,Josum,cjosum62@vinaora.com,Female,78,Financial Analyst,Okie Noodling
220,Phedra,Kilbourn,pkilbourn63@google.co.uk,Female,77,Senior Cost Accountant,"Adventures of Arsène Lupin, The (Aventures d'Arsène Lupin, Les)"
221,Janel,Breakspear,jbreakspear64@sphinn.com,Female,55,Executive Secretary,Casanova's Big Night
222,Carole,Jarrad,cjarrad65@altervista.org,Female,73,Analyst Programmer,"Drop, The"
223,Anastassia,Bison,abison66@fotki.com,Female,79,Speech Pathologist,What Dreams May Come
224,Daniel,Ledwidge,dledwidge67@stanford.edu,Male,72,Geological Engineer,Grill Point (Halbe Treppe)
225,Antoni,De Michele,ademichele68@woothemes.com,Male,80,Teacher,1-900
226,Nickola,Grzegorzewicz,ngrzegorzewicz69@smh.com.au,Male,38,Software Engineer II,"Great Train Robbery, The"
227,Rici,Satterly,rsatterly6a@shutterfly.com,Female,39,Geologist III,Imago mortis
228,Dorella,Findlater,dfindlater6b@list-manage.com,Female,73,Systems Administrator I,"Incredible Journey, The"
229,Micheal,Swetenham,mswetenham6c@symantec.com,Genderqueer,68,Editor,Alexander
230,Rania,Minillo,rminillo6d@t.co,Female,42,Software Test Engineer II,Old Joy
231,Angel,Redfearn,aredfearn6e@live.com,Female,51,Automation Specialist IV,"Matter of Dignity, A (To teleftaio psema)"
232,Matthaeus,Farrens,mfarrens6f@histats.com,Male,23,Systems Administrator III,Faust
233,Denney,Todaro,dtodaro6g@wisc.edu,Male,68,General Manager,Crossroads
234,Prudy,Vanichev,pvanichev6h@techcrunch.com,Female,68,Automation Specialist III,No Way Out
235,Sibella,Adamovitch,sadamovitch6i@unesco.org,Female,40,Structural Analysis Engineer,False Trail (Jägarna 2)
236,Peggie,Whitrod,pwhitrod6j@feedburner.com,Female,63,Automation Specialist IV,Drunken Angel (Yoidore tenshi)
237,Vale,Zuenelli,vzuenelli6k@princeton.edu,Male,63,GIS Technical Architect,Category 7: The End of the World
238,Skyler,Meas,smeas6l@nba.com,Male,48,Nuclear Power Engineer,"Necessary Death, A"
239,Reeba,Alelsandrowicz,ralelsandrowicz6m@usatoday.com,Female,75,Executive Secretary,"Farewell, My Lovely"
240,Cozmo,Benda,cbenda6n@goo.gl,Male,36,Software Engineer II,Hustle & Flow
241,Joli,Milington,jmilington6o@deliciousdays.com,Female,56,Geologist I,Nothing About Robert (Rien sur Robert)
242,Gertruda,Fitter,gfitter6p@prweb.com,Female,79,Administrative Officer,Kitty
243,Dan,Raitt,draitt6q@seesaa.net,Male,77,Quality Engineer,Ken Park
244,Reidar,Screas,rscreas6r@facebook.com,Male,50,Marketing Manager,Alexandra (Aleksandra)
245,Ichabod,Sokill,isokill6s@eventbrite.com,Male,31,Nurse,"Strong Man, The"
246,Ilario,Petrashkov,ipetrashkov6t@bigcartel.com,Male,72,Account Representative II,"Dictator, The"
247,Sherie,Breming,sbreming6u@creativecommons.org,Female,80,Social Worker,Autómata (Automata)
248,Marcie,MacCarrane,mmaccarrane6v@cafepress.com,Female,52,Tax Accountant,Kelly & Cal
249,Elinore,Henzley,ehenzley6w@businesswire.com,Female,33,Civil Engineer,Shark Alarm at Müggelsee (Hai Alarm am Müggelsee)
250,Eugenius,Waumsley,ewaumsley6x@goo.ne.jp,Male,46,Sales Representative,Chasers
251,Erminie,Nuzzi,enuzzi6y@geocities.com,Female,56,Structural Analysis Engineer,Welcome to the Rileys
252,Reider,Bennough,rbennough6z@chron.com,Male,55,Technical Writer,"Lost Skeleton of Cadavra, The"
253,Dodi,Roomes,droomes70@digg.com,Female,44,Business Systems Development Analyst,Wedlock
254,Stanton,Fassum,sfassum71@gizmodo.com,Male,39,Chemical Engineer,Force of Execution
255,Elden,Dowdney,edowdney72@bigcartel.com,Male,70,Dental Hygienist,Panic in Year Zero!
256,Laurianne,Eden,leden73@economist.com,Female,58,Director of Sales,Interiors
257,Babette,Whysall,bwhysall74@symantec.com,Female,70,Mechanical Systems Engineer,Close Your Eyes (Hypnotic) (Doctor Sleep)
258,Goldi,Cornall,gcornall75@amazon.co.uk,Agender,68,Programmer Analyst I,Poolhall Junkies
259,Michelle,Weatherburn,mweatherburn76@php.net,Female,31,Help Desk Operator,Forever Strong
260,Astrid,Skalls,askalls77@msn.com,Genderqueer,44,Electrical Engineer,Story of a Prostitute (Shunpu den)
261,Shayne,Alltimes,salltimes78@mayoclinic.com,Female,41,Senior Cost Accountant,"King, The"
262,Minda,Mailey,mmailey79@tripadvisor.com,Female,68,Nurse Practicioner,Charlie Chan's Murder Cruise
263,Margery,Van Der Straaten,mvanderstraaten7a@xrea.com,Female,56,General Manager,Trembling Before G-d
264,Carolin,Eglin,ceglin7b@sakura.ne.jp,Female,35,Internal Auditor,Airborne
265,Cam,Alderson,calderson7c@senate.gov,Male,42,Project Manager,"Upside of Anger, The"
266,Cordey,Firth,cfirth7d@usnews.com,Female,77,Structural Analysis Engineer,Pandora and the Flying Dutchman
267,Donal,Bramsen,dbramsen7e@addthis.com,Male,70,VP Marketing,My Darling Clementine
268,Beaufort,Terzza,bterzza7f@homestead.com,Male,57,Assistant Professor,Tunnel Rats (1968 Tunnel Rats)
269,Lenee,Rammell,lrammell7g@istockphoto.com,Female,37,Automation Specialist III,Fragile
270,Mildred,Lenihan,mlenihan7h@addtoany.com,Female,52,Associate Professor,Courage Under Fire
271,Elva,Huby,ehuby7i@friendfeed.com,Female,61,Teacher,Churchill: The Hollywood Years
272,Matti,Waith,mwaith7j@va.gov,Female,58,Civil Engineer,Jackie Brown
273,Sheffy,Elderidge,selderidge7k@imgur.com,Male,50,Staff Accountant III,Beastie Boys: Sabotage
274,Adoree,Shipperbottom,ashipperbottom7l@pbs.org,Female,34,General Manager,EXPO: Magic of the White City
275,Mercy,Waltho,mwaltho7m@shareasale.com,Female,60,Assistant Manager,My Summer of Love
276,Saundra,Heady,sheady7n@cbsnews.com,Male,53,Account Representative I,"Road Warrior, The (Mad Max 2)"
277,Stacy,Zupo,szupo7o@jimdo.com,Male,71,Media Manager III,Cocoon
278,Annabel,Raunds,araunds7p@npr.org,Female,26,Physical Therapy Assistant,Rich Hill
279,Sanderson,Pasfield,spasfield7q@google.fr,Male,45,Payment Adjustment Coordinator,Surviving the Game
280,Yorgo,Fulstow,yfulstow7r@feedburner.com,Genderfluid,64,Software Engineer III,"Motel Life, The"
281,Tonie,Chesters,tchesters7s@lulu.com,Female,63,Human Resources Manager,Just Another Love Story (Kærlighed på film)
282,Karry,Dudgeon,kdudgeon7t@tiny.cc,Female,56,Information Systems Manager,Traffic (Trafic)
283,Stavros,Lilford,slilford7u@home.pl,Male,24,Research Nurse,Going to Kansas City
284,Massimiliano,Guerin,mguerin7v@reverbnation.com,Male,21,Occupational Therapist,"Institute Benjamenta, or This Dream People Call Human Life"
285,Kendall,Peyzer,kpeyzer7w@artisteer.com,Male,44,Automation Specialist II,Hysterical Blindness
286,Samaria,Issit,sissit7x@sfgate.com,Female,26,Account Executive,"Cool, Calm and Collected (Calmos)"
287,Wally,Chastanet,wchastanet7y@independent.co.uk,Female,23,Senior Quality Engineer,Mr. Peabody & Sherman
288,Barnaby,Clewlowe,bclewlowe7z@ucla.edu,Male,24,Analog Circuit Design manager,Hunky Dory
289,Gearard,Mouth,gmouth80@yolasite.com,Male,76,Software Consultant,"Flame of New Orleans, The"
290,Seward,Breedy,sbreedy81@buzzfeed.com,Male,61,VP Product Management,Final Destination 3
291,Teodoro,Philbrick,tphilbrick82@networkadvertising.org,Male,64,Teacher,W.W. and the Dixie Dancekings
292,Nani,Luciani,nluciani83@reverbnation.com,Female,40,Human Resources Assistant II,Rudolph the Red-Nosed Reindeer
293,Ron,Wethered,rwethered84@dion.ne.jp,Male,37,Human Resources Assistant III,"American Werewolf in London, An"
294,Erwin,Rainey,erainey85@patch.com,Male,60,Safety Technician I,"Divorce of Lady X, The"
295,Thalia,Recke,trecke86@wikispaces.com,Female,47,Graphic Designer,Until the Light Takes Us
296,Geno,Bardwall,gbardwall87@google.com.hk,Male,46,Chemical Engineer,Cartoon All-Stars to the Rescue
297,Garrot,Masseo,gmasseo88@umn.edu,Male,57,VP Sales,Summer Heights High
298,Karolina,Turpey,kturpey89@samsung.com,Female,35,Analog Circuit Design manager,Contagion / Bio Slime
299,Ignazio,Laughtisse,ilaughtisse8a@deliciousdays.com,Non-binary,50,Account Representative III,Two Evil Eyes
300,Daren,Barabisch,dbarabisch8b@biblegateway.com,Male,79,General Manager,Love and Pigeons
301,Tann,Feek,tfeek8c@bluehost.com,Male,42,Statistician IV,Atlas Shrugged: Part II
302,Prudi,Mc Harg,pmcharg8d@latimes.com,Female,43,Developer I,Mysterious Skin
303,Haywood,Tabard,htabard8e@dedecms.com,Male,68,Occupational Therapist,"Battle of the Sexes, The"
304,Godiva,Hollyard,ghollyard8f@slate.com,Female,59,Editor,La liga no es cosa de hombres
305,Uri,Ebbotts,uebbotts8g@discuz.net,Male,50,Safety Technician I,Mr. Popper's Penguins
306,Zara,Commuzzo,zcommuzzo8h@spiegel.de,Female,45,Cost Accountant,Hillsborough
307,Marieann,Delgadillo,mdelgadillo8i@symantec.com,Female,54,Quality Engineer,Naan Kadavul
308,Nat,Ricards,nricards8j@de.vu,Male,46,Social Worker,Death of a Salesman
309,Allyn,Balmadier,abalmadier8k@storify.com,Female,44,Accountant IV,"Case for Christ, The"
310,Rachael,Carillo,rcarillo8l@netvibes.com,Female,63,Information Systems Manager,Hateship Loveship
311,Nikolaus,Bradnick,nbradnick8m@xinhuanet.com,Male,62,Clinical Specialist,Orders to Kill
312,Waite,Luetkemeyers,wluetkemeyers8n@technorati.com,Male,54,VP Sales,Killer of Sheep
313,Ines,O'Bradden,iobradden8o@noaa.gov,Female,70,Statistician I,Tuff Turf
314,Lemmie,Episcopi,lepiscopi8p@biblegateway.com,Male,46,Chief Design Engineer,Lost in Austen
315,Johanna,Crunden,jcrunden8q@usda.gov,Female,45,Tax Accountant,Nice Guy Johnny
316,Randolf,Goldsmith,rgoldsmith8r@google.com.hk,Male,51,Web Developer I,Flypaper
317,Gustavus,Minear,gminear8s@sitemeter.com,Male,53,Financial Analyst,Words and Pictures
318,Vidovik,Finnick,vfinnick8t@a8.net,Male,44,Geologist IV,Escanaba in da Moonlight
319,Tessie,Cloy,tcloy8u@imgur.com,Female,27,Chief Design Engineer,"Colonel Chabert, Le"
320,Hanni,Lampe,hlampe8v@digg.com,Female,44,Business Systems Development Analyst,All Quiet on the Western Front
321,Garv,Ralls,gralls8w@mediafire.com,Male,31,Geologist III,"Ballad of Cable Hogue, The"
322,Kerstin,Dalziell,kdalziell8x@reference.com,Female,48,Help Desk Technician,Casa de los babys
323,Edyth,Sikorski,esikorski8y@accuweather.com,Female,30,Marketing Manager,Remember Me (Ricordati di me)
324,Clair,Averay,caveray8z@reddit.com,Male,36,Director of Sales,Mondo Hollywood
325,Kelsey,Kwiek,kkwiek90@ocn.ne.jp,Female,48,Information Systems Manager,Small Cuts (Petites coupures)
326,Nikki,Jeeves,njeeves91@ucoz.com,Female,64,Food Chemist,Warning for the Joensson Gang (Varning för Jönssonligan)
327,Riley,Worham,rworham92@friendfeed.com,Male,32,Administrative Assistant II,Cargo 200 (Gruz 200)
328,Alyda,Dunston,adunston93@ameblo.jp,Female,48,Assistant Professor,Someone Like You (Unnaipol Oruvan)
329,Gregoire,Simonnet,gsimonnet94@eepurl.com,Male,27,Assistant Manager,Dead of Winter
330,Augustus,Davy,adavy95@gnu.org,Male,41,Developer II,I Walked with a Zombie
331,Rice,Sirman,rsirman96@topsy.com,Male,68,Environmental Specialist,"Night in the Life of Jimmy Reardon, A"
332,Dyan,Fennell,dfennell97@soundcloud.com,Female,71,Recruiting Manager,Clue
333,Hinze,Trunchion,htrunchion98@yale.edu,Male,54,Structural Analysis Engineer,Lady in a Cage
334,Timmie,Anfonsi,tanfonsi99@1688.com,Male,23,Automation Specialist II,The Opposite Sex
335,Casper,Willcott,cwillcott9a@webeden.co.uk,Male,63,Speech Pathologist,Twister
336,Sam,Carus,scarus9b@smh.com.au,Female,72,Nuclear Power Engineer,"Big Lift, The"
337,Tab,Affleck,taffleck9c@51.la,Male,32,Professor,As We Were Dreaming
338,Marietta,Weepers,mweepers9d@jimdo.com,Male,48,Web Designer III,Mega Piranha
339,Carlee,Hellard,chellard9e@amazon.de,Female,44,Paralegal,Just Bea (Bare Bea)
340,Coralie,Harbison,charbison9f@delicious.com,Female,48,Human Resources Manager,Our Music (Notre musique)
341,Pepe,Lovick,plovick9g@xinhuanet.com,Male,41,Junior Executive,Die Fighting
342,Arabella,Skells,askells9h@lulu.com,Female,80,Speech Pathologist,Happy New Year
343,Beth,Wonfar,bwonfar9i@cyberchimps.com,Female,50,Environmental Specialist,"Lone Ranger and the Lost City of Gold, The"
344,Torre,Weich,tweich9j@mlb.com,Male,45,Geological Engineer,Don't Give Up the Ship
345,Beilul,O'Mullaney,bomullaney9k@omniture.com,Female,33,Professor,"Decoy Bride, The"
346,Damiano,Camillo,dcamillo9l@php.net,Male,57,Electrical Engineer,Belles on Their Toes
347,Juliet,Dickie,jdickie9m@ibm.com,Female,30,Help Desk Technician,Christmas on Mars
348,Freda,Rowlett,frowlett9n@hexun.com,Female,52,VP Marketing,Any Number Can Win (Mélodie en sous-sol )
349,Garret,Stutard,gstutard9o@freewebs.com,Male,58,Payment Adjustment Coordinator,Richard III
350,Ron,Kitching,rkitching9p@g.co,Male,22,Sales Associate,Stefano Quantestorie
351,Cirilo,Aaronsohn,caaronsohn9q@opera.com,Male,77,Health Coach IV,Burnt by the Sun 2 (Utomlyonnye solntsem 2)
352,Rayna,Filipyev,rfilipyev9r@vkontakte.ru,Female,23,Speech Pathologist,Mr. Moto's Gamble
353,Cassey,Sandall,csandall9s@lulu.com,Female,68,Senior Financial Analyst,"Hart of London, The"
354,Ginger,Dunn,gdunn9t@nhs.uk,Male,28,Analog Circuit Design manager,Kariera Nikosia Dyzmy
355,Chadd,Ixer,cixer9u@newsvine.com,Male,80,Chemical Engineer,Kawasaki's Rose 
356,Francisco,Riddles,friddles9v@cbsnews.com,Male,21,Senior Financial Analyst,"House That Dripped Blood, The"
357,Thorstein,Stainton,tstainton9w@domainmarket.com,Male,21,VP Sales,"Barefoot Contessa, The"
358,Gan,Cranney,gcranney9x@statcounter.com,Male,34,Financial Advisor,Seal Team Eight: Behind Enemy Lines
359,Ransom,Burgoyne,rburgoyne9y@yellowpages.com,Male,55,Executive Secretary,Sister (L'enfant d'en haut)
360,Dorolisa,Orteaux,dorteaux9z@free.fr,Female,22,Programmer Analyst III,"Danse: The Paris Opera Ballet, La (La Danse - Le ballet de l'Opéra de Paris)"
361,Dyna,Camous,dcamousa0@macromedia.com,Female,33,Quality Engineer,Nothing to Lose
362,Ashlee,Juste,ajustea1@imageshack.us,Female,74,VP Sales,Shag
363,Nessy,Berndtssen,nberndtssena2@addthis.com,Female,42,Engineer IV,Bury My Heart at Wounded Knee
364,Shaughn,Syne,ssynea3@plala.or.jp,Male,28,Health Coach III,All Through the Night
365,Jorgan,Crossfeld,jcrossfelda4@rakuten.co.jp,Male,78,VP Sales,Resurrect Dead: The Mystery of the Toynbee Tiles
366,Devinne,Rennenbach,drennenbacha5@desdev.cn,Female,47,Geological Engineer,Billy Bathgate
367,Wain,Radwell,wradwella6@addtoany.com,Male,75,Developer I,We Are from the Future (My iz budushchego)
368,Guthrey,Cazereau,gcazereaua7@constantcontact.com,Male,77,Biostatistician II,"Baron of Arizona, The"
369,Josefina,Mustoe,jmustoea8@cnn.com,Female,26,Administrative Officer,Schindler's List
370,Antony,Luxen,aluxena9@microsoft.com,Male,70,Senior Cost Accountant,Koti-ikävä
371,Jephthah,Cowitz,jcowitzaa@unesco.org,Male,42,Teacher,The Death and Life of Bobby Z
372,Samson,Cohn,scohnab@gmpg.org,Male,56,Occupational Therapist,Godzilla vs. Mechagodzilla (Gojira tai Mekagojira)
373,Kory,Paddie,kpaddieac@1und1.de,Male,20,Help Desk Technician,Red Dawn
374,Howie,Capeling,hcapelingad@wikimedia.org,Male,28,Senior Cost Accountant,Rush: Beyond the Lighted Stage
375,Gordan,Yeowell,gyeowellae@simplemachines.org,Male,68,Geological Engineer,Beyond the Forest
376,Hurleigh,Dominighi,hdominighiaf@earthlink.net,Male,72,Paralegal,Apostle Peter and The Last Supper
377,Nolie,Greenshields,ngreenshieldsag@loc.gov,Female,75,Mechanical Systems Engineer,Io Island (Iodo)
378,Felike,Dumelow,fdumelowah@mtv.com,Male,40,Staff Scientist,Phantasm
379,Elvin,Flukes,eflukesai@cocolog-nifty.com,Male,21,Cost Accountant,Angel's Egg (Tenshi no tamago)
380,Denyse,Runnett,drunnettaj@arizona.edu,Female,75,Account Executive,"Take Her, She's Mine"
381,Noble,Nozzolii,nnozzoliiak@hubpages.com,Male,20,Office Assistant I,Whisky Galore
382,Deedee,Hakewell,dhakewellal@cargocollective.com,Female,60,Administrative Assistant IV,Cliffhanger
383,Pippa,Greaves,pgreavesam@liveinternet.ru,Genderqueer,27,VP Product Management,Biloxi Blues
384,Giustina,Eddowes,geddowesan@umn.edu,Female,58,Account Executive,Around the World
385,Anabel,Fison,afisonao@tumblr.com,Female,61,Human Resources Manager,Hack!
386,Tabbi,Santon,tsantonap@cdc.gov,Female,55,Clinical Specialist,Emmett's Mark
387,Robinetta,Bremeyer,rbremeyeraq@forbes.com,Female,74,Data Coordinator,Behaving Badly
388,Janel,Casterou,jcasterouar@rediff.com,Female,34,Physical Therapy Assistant,Free Birds
389,Astrid,Fetters,afettersas@istockphoto.com,Female,72,Senior Editor,"French Lieutenant's Woman, The"
390,Augustin,Ludl,aludlat@amazonaws.com,Male,24,Assistant Manager,Black Like Me
391,Jozef,Vipan,jvipanau@pinterest.com,Male,45,Senior Editor,Bloodline
392,Klement,Gewer,kgewerav@msn.com,Male,49,Budget/Accounting Analyst IV,Grimm Love (Rohtenburg)
393,Isidor,Landsberg,ilandsbergaw@businessinsider.com,Male,27,Programmer Analyst IV,Big Easy Express
394,Waite,Scurrey,wscurreyax@google.nl,Male,39,Desktop Support Technician,All Access
395,Guilbert,Meece,gmeeceay@nifty.com,Male,70,Senior Developer,Whale Rider
396,Vinnie,Winstanley,vwinstanleyaz@harvard.edu,Female,43,Office Assistant II,"Trip to Mars, A"
397,Whitaker,Viger,wvigerb0@trellian.com,Genderfluid,46,Recruiter,Forever
398,Valdemar,Blastock,vblastockb1@sbwire.com,Male,33,Office Assistant I,Fresh Guacamole
399,Othilia,Heake,oheakeb2@storify.com,Female,77,Senior Editor,"Day He Arrives, The (Book chon bang hyang)"
400,Laurianne,Passe,lpasseb3@baidu.com,Female,54,Software Test Engineer III,"Bohemian Life, The (La vie de bohème)"
401,Victoria,Nore,vnoreb4@shop-pro.jp,Female,57,Chief Design Engineer,20 Feet from Stardom (Twenty Feet from Stardom)
402,Dene,Atter,datterb5@biglobe.ne.jp,Male,25,Actuary,7 Seconds
403,Candace,Betty,cbettyb6@networksolutions.com,Female,27,Accountant III,Mr. Nice Guy (Yat goh ho yan)
404,Maurie,Brosch,mbroschb7@google.fr,Male,71,Accountant I,Where Were You When the Lights Went Out?
405,Hortense,Flattman,hflattmanb8@purevolume.com,Female,66,Sales Representative,Interview
406,Gawain,Chalcroft,gchalcroftb9@wikia.com,Male,52,Sales Representative,800 Bullets (800 Balas)
407,Leanor,Eric,lericba@people.com.cn,Female,71,Marketing Assistant,Bolero
408,Julina,McCreary,jmccrearybb@wix.com,Female,47,Registered Nurse,City of Ember
409,Halli,Woolens,hwoolensbc@cpanel.net,Female,80,Design Engineer,"Testament of Orpheus, The (Testament d'Orphée)"
410,Shay,Belcham,sbelchambd@lycos.com,Male,41,Assistant Media Planner,Lemmy
411,Hartley,Johnston,hjohnstonbe@mozilla.com,Male,68,Structural Engineer,Anne Frank Remembered
412,Muffin,Buckle,mbucklebf@spiegel.de,Bigender,20,Librarian,War Stories
413,Roarke,Bampkin,rbampkinbg@dell.com,Male,28,Research Assistant IV,Betsy's Wedding
414,Ashlie,Pencot,apencotbh@ask.com,Polygender,58,Professor,Dead Man's Shoes
415,Constantino,Tourot,ctourotbi@e-recht24.de,Male,40,Operator,Sputnik
416,Kaye,Becom,kbecombj@devhub.com,Female,26,Human Resources Assistant I,A Justified Life: Sam Peckinpah and the High Country
417,Maximo,Gravener,mgravenerbk@mit.edu,Male,42,Dental Hygienist,Loft
418,Zorina,Wiggam,zwiggambl@pcworld.com,Genderfluid,23,Analyst Programmer,Permanent Midnight
419,Lexie,Coppock.,lcoppockbm@biglobe.ne.jp,Female,31,GIS Technical Architect,You're Next
420,Cordelie,Creek,ccreekbn@army.mil,Female,27,Nuclear Power Engineer,Harry Brown
421,Mariejeanne,Noe,mnoebo@google.cn,Genderqueer,39,Sales Representative,Doppelgänger Paul
422,Merle,Puttick,mputtickbp@phpbb.com,Male,60,Recruiting Manager,Building the Inferno: Nobuo Nakagawa and the Making of 'Jigoku'
423,Dolley,Garrod,dgarrodbq@army.mil,Female,73,Editor,The Fox & the Child
424,Jim,Hardwell,jhardwellbr@blogs.com,Male,56,Recruiter,Cherry Blossoms (Kirschblüten - Hanami)
425,Krishnah,Yuranovev,kyuranovevbs@mac.com,Male,64,Financial Analyst,Perfume: The Story of a Murderer
426,Cicely,Liley,clileybt@businessweek.com,Female,21,Pharmacist,Mississippi Grind
427,Ingemar,Silburn,isilburnbu@ted.com,Genderqueer,62,Research Assistant II,Backtrack (Catchfire)
428,Zack,Groocock,zgroocockbv@weebly.com,Male,28,Electrical Engineer,"Big Clock, The"
429,Beulah,Beaulieu,bbeaulieubw@rakuten.co.jp,Female,37,Account Representative I,"Perils of Pauline, The"
430,Frasco,Bubeer,fbubeerbx@army.mil,Male,59,Product Engineer,Death Warrant
431,Lenna,Fulbrook,lfulbrookby@sohu.com,Polygender,48,Quality Engineer,Trailer Park Boys: Countdown to Liquor Day
432,Der,Dole,ddolebz@dion.ne.jp,Male,53,Research Associate,Madagascar Skin
433,Timmy,Eades,teadesc0@nhs.uk,Female,36,Geologist IV,Wet Hot American Summer
434,Jerad,Croston,jcrostonc1@fc2.com,Male,34,VP Sales,"Wedding Date, The"
435,Dun,Jelliman,djellimanc2@reddit.com,Male,28,Office Assistant II,African Cats
436,Thorny,Elger,telgerc3@google.fr,Male,56,Accounting Assistant I,Wuthering Heights
437,Bourke,Folk,bfolkc4@shinystat.com,Male,68,Civil Engineer,Guernica
438,Giacomo,Loveredge,gloveredgec5@istockphoto.com,Male,67,GIS Technical Architect,Species II
439,Gardiner,Burnep,gburnepc6@histats.com,Male,37,Compensation Analyst,20 Years After
440,Gene,Marriot,gmarriotc7@amazon.co.jp,Male,36,Software Engineer I,Home Movie
441,Britt,Carlet,bcarletc8@fc2.com,Male,59,Senior Quality Engineer,200 M.P.H.
442,Kingston,Dennes,kdennesc9@dyndns.org,Male,79,Electrical Engineer,Old Gringo
443,Chaunce,Dumini,cduminica@zimbio.com,Male,44,Systems Administrator IV,Raggedy Man
444,Gussie,Stoddart,gstoddartcb@123-reg.co.uk,Female,54,Internal Auditor,"Final, The"
445,Jeremie,Lanktree,jlanktreecc@ning.com,Male,78,Executive Secretary,Earthquake
446,Delia,Pizey,dpizeycd@photobucket.com,Female,79,Systems Administrator I,Borrowed Time
447,Geri,Kryszkiecicz,gkryszkieciczce@shutterfly.com,Male,62,Design Engineer,Miracle in Cell No. 7
448,Sherm,Ximenez,sximenezcf@webeden.co.uk,Male,61,Geological Engineer,Rambo: First Blood Part II
449,Ingelbert,Jolley,ijolleycg@boston.com,Male,80,Account Representative I,"Black Dahlia, The"
450,Alfons,Sills,asillsch@cloudflare.com,Male,52,Junior Executive,"Entity, The"
451,Lucretia,Izzat,lizzatci@edublogs.org,Female,48,Statistician IV,Tron: Legacy
452,Dolph,Hallum,dhallumcj@springer.com,Agender,79,Senior Cost Accountant,Living 'til the End
453,Kaitlyn,Bottrell,kbottrellck@ucla.edu,Female,25,Help Desk Operator,Last Action Hero
454,Joyous,Pauley,jpauleycl@dion.ne.jp,Polygender,66,Nurse,Fishtales
455,Illa,McGuiney,imcguineycm@adobe.com,Female,58,Help Desk Operator,Simon Magus
456,Eimile,Garratt,egarrattcn@yandex.ru,Female,23,Paralegal,Alyce Kills
457,Gabe,Brennenstuhl,gbrennenstuhlco@google.it,Male,62,Civil Engineer,Closet Land
458,Sydney,Chettoe,schettoecp@blog.com,Male,73,Programmer I,Unmade Beds
459,Modestia,Muller,mmullercq@php.net,Female,25,Senior Cost Accountant,1900 (Novecento)
460,Anastasia,Caney,acaneycr@merriam-webster.com,Genderqueer,40,Pharmacist,Lords of Dogtown
461,Juliana,Aldis,jaldiscs@youku.com,Female,62,Environmental Tech,Lasa y Zabala
462,Steward,Feighney,sfeighneyct@unblog.fr,Male,46,VP Product Management,Little Men
463,Wallas,Fold,wfoldcu@arstechnica.com,Male,20,Software Test Engineer II,Noah's Ark
464,Kinna,Loan,kloancv@spiegel.de,Female,75,Health Coach II,Biggie and Tupac
465,Mariette,Ludee,mludeecw@nydailynews.com,Female,55,Web Developer I,Witches' Hammer (Kladivo na carodejnice) 
466,Ricoriki,Colbron,rcolbroncx@timesonline.co.uk,Non-binary,68,Geologist II,"Legend of the Red Dragon (a.k.a. New Legend of Shaolin, The) (Hong Xi Guan: Zhi Shao Lin wu zu)"
467,Lucine,Gingle,lginglecy@ask.com,Bigender,51,Assistant Professor,Henry: Portrait of a Serial Killer
468,Demetre,Cannon,dcannoncz@telegraph.co.uk,Bigender,70,Software Engineer II,"Fifth Element, The"
469,Gianna,Winsborrow,gwinsborrowd0@salon.com,Female,57,Marketing Manager,"Dennis the Menace Christmas, A"
470,Trula,Friend,tfriendd1@feedburner.com,Female,72,Web Designer II,"Spirit, The"
471,Erin,Krammer,ekrammerd2@quantcast.com,Male,64,Dental Hygienist,"Meteor Man, The"
472,Eden,Richold,ericholdd3@wired.com,Female,28,Media Manager III,Sex & Drugs & Rock & Roll
473,Wayne,Maccrie,wmaccried4@jalbum.net,Male,29,Information Systems Manager,The Secret of Dr. Kildare
474,Uta,Phillcox,uphillcoxd5@histats.com,Female,21,Structural Analysis Engineer,Dark Woods (Villmark)
475,Patten,Inglesent,pinglesentd6@nih.gov,Male,40,Internal Auditor,Clear and Present Danger
476,Allistir,Brownsall,abrownsalld7@telegraph.co.uk,Male,58,Statistician I,Shiver (Eskalofrío)
477,Norine,Maggs,nmaggsd8@chron.com,Female,62,Internal Auditor,Porco Rosso (Crimson Pig) (Kurenai no buta)
478,Conway,Greedyer,cgreedyerd9@time.com,Male,51,Professor,Mediterraneo
479,Abrahan,Sturch,asturchda@pinterest.com,Male,58,Software Test Engineer I,Blood and Concrete (Blood & Concrete: A Love Story)
480,Martha,O'Skehan,moskehandb@ibm.com,Female,48,Web Designer IV,Maniac
481,Rustie,Reynish,rreynishdc@simplemachines.org,Male,29,Research Nurse,Grayeagle
482,Hanni,Bidgod,hbidgoddd@prweb.com,Female,39,Human Resources Manager,Walk the Line
483,Horten,Hernik,hhernikde@paypal.com,Bigender,55,Help Desk Operator,Toast
484,Joel,Infantino,jinfantinodf@opensource.org,Male,69,Associate Professor,"Travelling Players, The (O thiasos)"
485,Fern,Leehane,fleehanedg@instagram.com,Female,73,Research Assistant I,Perfume: The Story of a Murderer
486,Herb,Sleicht,hsleichtdh@apache.org,Male,33,Sales Representative,What Would Jesus Buy?
487,Susan,Pecht,spechtdi@abc.net.au,Female,65,Systems Administrator IV,And Everything Is Going Fine
488,Sammy,Whitington,swhitingtondj@hexun.com,Female,64,Compensation Analyst,Paper Lion
489,Bord,Maffeo,bmaffeodk@friendfeed.com,Male,60,Director of Sales,Killer (Bulletproof Heart)
490,Tim,Cargill,tcargilldl@ustream.tv,Male,79,Senior Sales Associate,Kommissarie Späck
491,Kathi,Kempson,kkempsondm@purevolume.com,Female,60,Internal Auditor,Hero
492,Kaine,Hlavac,khlavacdn@slate.com,Male,79,Staff Accountant III,"Escapist, The"
493,Toby,Scandrite,tscandritedo@vk.com,Female,57,Electrical Engineer,"Mayday at 40,000 Feet!"
494,Delano,Jefferson,djeffersondp@g.co,Male,56,Nuclear Power Engineer,"Legacy, The"
495,Dukie,Ridgwell,dridgwelldq@fema.gov,Genderqueer,54,Human Resources Assistant I,Caravaggio
496,Leeanne,McPherson,lmcphersondr@feedburner.com,Female,43,Programmer II,Leap Year
497,Idalina,Choules,ichoulesds@meetup.com,Female,56,Safety Technician II,Before I Self Destruct
498,Gerald,Curgenven,gcurgenvendt@europa.eu,Male,45,Cost Accountant,"Red Shoes, The (Bunhongsin)"
499,Pru,Gellibrand,pgellibranddu@cnet.com,Female,72,Senior Sales Associate,Planet B-Boy
500,Orel,Passo,opassodv@ask.com,Female,66,Administrative Assistant II,The Returned
501,Kym,Kingwell,kkingwelldw@creativecommons.org,Female,40,Developer II,Yolki
502,Sarene,Holt,sholtdx@deliciousdays.com,Female,26,Structural Analysis Engineer,"Borrowers, The"
503,Irina,Maharey,imahareydy@a8.net,Female,24,Computer Systems Analyst II,Wonderland
504,Carolee,Campos,ccamposdz@zimbio.com,Female,55,Cost Accountant,"Last Casino, The"
505,Blakeley,Schott,bschotte0@hexun.com,Female,68,Geologist IV,"Lt. Robin Crusoe, U.S.N."
506,Cheston,Darbon,cdarbone1@telegraph.co.uk,Male,80,Software Test Engineer I,Seven Invisible Men (Septyni nematomi zmones)
507,Guillema,Dandison,gdandisone2@nifty.com,Female,26,Assistant Manager,Eve and the Fire Horse
508,Joice,Oxtarby,joxtarbye3@businessinsider.com,Agender,29,VP Product Management,Skin Game
509,Sherwin,Walsh,swalshe4@springer.com,Non-binary,49,Social Worker,On Dangerous Ground
510,Iorgos,Wilkes,iwilkese5@elpais.com,Male,77,Administrative Officer,Miss March
511,Sauveur,Simoncello,ssimoncelloe6@g.co,Male,53,Civil Engineer,"Duchess, The"
512,Lona,Flemyng,lflemynge7@wix.com,Female,38,Geological Engineer,"Christmas Carol, A"
513,Samara,Pepon,spepone8@photobucket.com,Female,54,Professor,Dolly and Her Lover (Räpsy ja Dolly eli Pariisi odottaa)
514,Savina,Bardill,sbardille9@altervista.org,Female,29,Business Systems Development Analyst,Steel
515,Curtis,Clemas,cclemasea@apache.org,Male,50,Design Engineer,"Long Day Closes, The"
516,Morgan,Charke,mcharkeeb@businessinsider.com,Male,52,Safety Technician IV,Emma
517,Edgar,Morris,emorrisec@bbc.co.uk,Male,70,Recruiter,Dragon Gate Inn (Dragon Inn) (Long men kezhan)
518,Bethina,Babb,bbabbed@pinterest.com,Female,80,Assistant Media Planner,"Holiday, The"
519,Baudoin,Losebie,blosebieee@devhub.com,Male,34,Safety Technician I,"Painted Veil, The"
520,Stanislaus,Vern,svernef@discovery.com,Male,43,Marketing Assistant,"Monster That Challenged the World, The"
521,Siegfried,Karlolczak,skarlolczakeg@parallels.com,Genderfluid,31,Senior Developer,Reality
522,Meg,McQuilliam,mmcquilliameh@earthlink.net,Female,58,Electrical Engineer,Moment by Moment
523,Kellby,Seaborne,kseaborneei@is.gd,Male,62,Research Nurse,Mars Needs Moms
524,Winona,Maro,wmaroej@imdb.com,Female,69,Structural Analysis Engineer,Outsider
525,Trip,Newsham,tnewshamek@microsoft.com,Genderqueer,73,Software Test Engineer III,Basic Instinct 2
526,Lorette,Cristofano,lcristofanoel@amazon.co.jp,Female,48,VP Quality Control,Traitor
527,Joly,Berns,jbernsem@taobao.com,Female,29,Financial Advisor,Nothing
528,Baxter,Kettlesting,bkettlestingen@vk.com,Male,77,Account Coordinator,"Blue Bird, The"
529,Verena,Attrill,vattrilleo@epa.gov,Female,61,Quality Engineer,Veer Zaara
530,Reed,Tregunnah,rtregunnahep@joomla.org,Male,26,VP Product Management,Zombie Honeymoon
531,Panchito,Heeney,pheeneyeq@github.io,Non-binary,80,Food Chemist,Free the Nipple
532,Jereme,Schult,jschulter@cyberchimps.com,Male,31,Account Coordinator,Open Grave
533,Rad,Andrysiak,randrysiakes@chicagotribune.com,Male,20,Tax Accountant,"Excuse Me Darling, But Lucas Loved Me"
534,Ebeneser,Castaignet,ecastaignetet@newsvine.com,Male,44,Internal Auditor,Apple Jack
535,Rozina,Bollis,rbolliseu@usgs.gov,Female,20,Legal Assistant,Hearts Divided
536,Manya,Donnellan,mdonnellanev@geocities.jp,Female,41,Structural Analysis Engineer,I Am Maria (Jag är Maria)
537,Roldan,Gammill,rgammillew@archive.org,Male,25,Cost Accountant,Barabbas
538,Cleveland,Force,cforceex@cpanel.net,Male,51,Engineer IV,Meantime
539,Kaiser,Killner,kkillnerey@apache.org,Male,57,Geologist II,Airport
540,Marcellus,Jefferys,mjefferysez@last.fm,Male,49,Technical Writer,Wings of Honneamise (Ôritsu uchûgun Oneamisu no tsubasa)
541,Brigit,Cammell,bcammellf0@skyrock.com,Female,35,Staff Scientist,The Referee
542,Joanie,Bamborough,jbamboroughf1@house.gov,Female,37,Business Systems Development Analyst,"Strong Man, The"
543,Bo,Eyres,beyresf2@godaddy.com,Genderqueer,56,Office Assistant III,Station West
544,Vinson,McKew,vmckewf3@spiegel.de,Male,22,Health Coach II,"Terror, The"
545,Baryram,Wills,bwillsf4@buzzfeed.com,Bigender,69,Quality Control Specialist,Liv & Ingmar
546,Lida,Copner,lcopnerf5@google.fr,Polygender,34,Librarian,Million Dollar Mermaid
547,Bertie,Ridgley,bridgleyf6@pcworld.com,Male,74,Programmer Analyst IV,Ferngully: The Last Rainforest
548,Karlik,Marriner,kmarrinerf7@state.gov,Male,62,Assistant Professor,Number Two (Numéro deux)
549,Frazier,McConnel,fmcconnelf8@simplemachines.org,Male,20,Senior Quality Engineer,Lilies of the Field
550,Toddy,Girardeau,tgirardeauf9@pinterest.com,Male,67,Internal Auditor,Blame It on the Bellboy
551,Karisa,Le Fleming,kleflemingfa@redcross.org,Female,57,Senior Sales Associate,Crimes of the Future
552,Wallie,Bragger,wbraggerfb@geocities.jp,Non-binary,37,Paralegal,Stephanie Daley
553,Gawain,Biggam,gbiggamfc@simplemachines.org,Male,77,Actuary,"True Meaning of Christmas Specials, The"
554,Silvio,Pietrzak,spietrzakfd@feedburner.com,Agender,38,Physical Therapy Assistant,Flodder in Amerika!
555,Xenia,Kealy,xkealyfe@alexa.com,Female,67,Budget/Accounting Analyst IV,Over My Dead Body
556,Feliks,McGeown,fmcgeownff@go.com,Male,68,Software Engineer III,Memories of Me
557,Oswald,Brilon,obrilonfg@indiegogo.com,Male,62,Automation Specialist III,Nicholas and Alexandra
558,Godiva,Treagust,gtreagustfh@github.com,Female,68,Research Nurse,Free Fall
559,Brigit,Lemonnier,blemonnierfi@blinklist.com,Female,53,Internal Auditor,Wishful Drinking
560,Klemens,Andrini,kandrinifj@skype.com,Male,79,Analog Circuit Design manager,Brain Dead
561,Laina,Stepney,lstepneyfk@yellowpages.com,Female,26,Cost Accountant,Barocco
562,Ambros,Dana,adanafl@infoseek.co.jp,Male,54,Automation Specialist III,Valmont
563,Elga,Kops,ekopsfm@oakley.com,Female,25,VP Marketing,Conspiracy
564,Fanni,Fenning,ffenningfn@marketwatch.com,Female,25,Professor,Harriet Craig
565,Orion,Cansfield,ocansfieldfo@scientificamerican.com,Male,62,Physical Therapy Assistant,Adventures of Tarzan
566,Thorndike,Reding,tredingfp@vinaora.com,Male,31,VP Product Management,Missionary Man
567,Orran,Hebbron,ohebbronfq@hhs.gov,Male,48,Structural Analysis Engineer,Stephen Fry In America - New World
568,Llywellyn,Horsley,lhorsleyfr@goodreads.com,Male,54,Nuclear Power Engineer,Curdled
569,Iggy,Anthonies,ianthoniesfs@shop-pro.jp,Bigender,49,Safety Technician II,"Fifth Cord, The (Giornata nera per l'ariete)"
570,Alphonso,Van der Hoeven,avanderhoevenft@buzzfeed.com,Male,22,Financial Advisor,Conviction
571,Bertram,Gatiss,bgatissfu@taobao.com,Male,50,Web Designer IV,"Suicide Shop, The (Le magasin des suicides) "
572,Addia,Toms,atomsfv@de.vu,Female,28,Nurse Practicioner,Local Hero
573,Alford,Hessentaler,ahessentalerfw@sfgate.com,Male,50,Staff Accountant I,See What I'm Saying: The Deaf Entertainers Documentary
574,Monroe,Mackness,mmacknessfx@ihg.com,Male,22,Biostatistician I,"Too Early, Too Late (Trop tôt, trop tard)"
575,Ulric,Kestin,ukestinfy@phoca.cz,Male,39,Data Coordinator,"Masquerade (Gwanghai, Wangyidoen namja)"
576,Noble,Lie,nliefz@hatena.ne.jp,Male,61,Occupational Therapist,"Rains of Ranchipur, The"
577,Stephana,Snoad,ssnoadg0@techcrunch.com,Female,37,Marketing Assistant,Held Up
578,Kristopher,Fullilove,kfulliloveg1@diigo.com,Male,53,Developer III,Scorpio
579,Teresita,Bolf,tbolfg2@ca.gov,Female,74,Operator,Mount St. Elias
580,Karlie,Moine,kmoineg3@japanpost.jp,Female,30,Community Outreach Specialist,Bloody Murder
581,Kristin,Christou,kchristoug4@google.cn,Female,26,Marketing Assistant,V: The Final Battle
582,Dinny,Sleit,dsleitg5@spotify.com,Female,50,Geologist I,Amore (L'Amore)
583,Ilka,Tollett,itollettg6@youtu.be,Female,43,Data Coordinator,Police
584,Irina,Mueller,imuellerg7@statcounter.com,Female,42,Account Executive,Jonah: A VeggieTales Movie
585,Lukas,Biesterfeld,lbiesterfeldg8@storify.com,Male,73,Account Executive,All Cheerleaders Die
586,Gerianne,Baudrey,gbaudreyg9@about.com,Female,65,Professor,Kummeli Goldrush (Kummeli kultakuume)
587,Sabine,Sharper,ssharperga@google.co.uk,Female,57,Computer Systems Analyst III,Savage Grace
588,Elyse,Shorton,eshortongb@yandex.ru,Female,71,VP Marketing,Alice (Neco z Alenky)
589,Port,Hryniewicz,phryniewiczgc@ca.gov,Male,33,Editor,Charles Bradley: Soul of America
590,Garek,Okenden,gokendengd@reference.com,Male,41,Registered Nurse,Indian Summer (a.k.a. Alive & Kicking)
591,Elena,Clacson,eclacsonge@mit.edu,Female,20,Media Manager IV,Quatre garçons pleins d'avenir
592,Falito,Deeves,fdeevesgf@bravesites.com,Male,38,GIS Technical Architect,Mighty Joe Young
593,Moises,Mattacks,mmattacksgg@smh.com.au,Male,57,Clinical Specialist,Alone in the Wilderness
594,Peterus,Draayer,pdraayergh@msn.com,Male,62,Geologist I,Sister Kenny
595,Isidora,Haisell,ihaisellgi@123-reg.co.uk,Female,59,Senior Editor,Reykjavik Whale Watching Massacre
596,Thelma,Glazzard,tglazzardgj@amazon.co.jp,Female,60,Media Manager I,Carny
597,Correy,Lumly,clumlygk@nifty.com,Male,22,Senior Financial Analyst,Storm of the Century
598,Wendie,Domican,wdomicangl@360.cn,Female,59,Software Consultant,Alfie
599,Winston,Mourton,wmourtongm@si.edu,Male,70,Account Executive,Airheads
600,Laverne,Diloway,ldilowaygn@va.gov,Female,64,Staff Accountant II,Waxwork
601,Karon,Laviste,klavistego@newyorker.com,Female,67,Statistician III,Prison Break: The Final Break
602,Justina,Bansal,jbansalgp@omniture.com,Female,23,Financial Analyst,"Cry, the Beloved Country"
603,Duane,Vanyakin,dvanyakingq@goo.ne.jp,Male,65,Accounting Assistant IV,"Manzanar Fishing Club, The"
604,Leroi,Iacovone,liacovonegr@uiuc.edu,Male,49,Administrative Officer,"Coast Guard, The (Hae anseon)"
605,Elli,McTerrelly,emcterrellygs@hp.com,Female,67,Staff Scientist,Whale Rider
606,Truman,Johannes,tjohannesgt@ovh.net,Male,45,Quality Engineer,Breakin' 2: Electric Boogaloo
607,Antonetta,Arpe,aarpegu@stumbleupon.com,Female,46,Occupational Therapist,Satanas
608,Yoshiko,Slator,yslatorgv@phoca.cz,Female,56,Editor,Loves of a Blonde (Lásky jedné plavovlásky)
609,Hughie,Beamont,hbeamontgw@cyberchimps.com,Male,62,Human Resources Assistant II,Equinox Flower (Higanbana)
610,Tine,Matzeitis,tmatzeitisgx@smh.com.au,Female,29,Clinical Specialist,Crazy Thunder Road
611,Aloise,Andrassy,aandrassygy@digg.com,Genderqueer,69,Compensation Analyst,Mutantes
612,Giovanni,Effaunt,geffauntgz@sourceforge.net,Male,29,Recruiter,Journey from the Fall
613,Wiley,Brugger,wbruggerh0@topsy.com,Male,38,Accountant IV,High School Musical
614,Theobald,Sanpere,tsanpereh1@acquirethisname.com,Male,68,Assistant Manager,Star Trek III: The Search for Spock
615,Brady,Llopis,bllopish2@uiuc.edu,Male,73,Web Developer II,Happily Ever After (Ils se marièrent et eurent beaucoup d'enfants)
616,Jeanie,Brim,jbrimh3@stanford.edu,Female,53,Administrative Officer,Making 'The New World'
617,Dominic,Aylmer,daylmerh4@tumblr.com,Male,64,Staff Scientist,Sundome
618,Hervey,Poyle,hpoyleh5@bloomberg.com,Polygender,20,Professor,I'm Gonna Git You Sucka
619,Ninette,Vlasin,nvlasinh6@bizjournals.com,Female,57,Occupational Therapist,Limbo
620,Verile,Cloonan,vcloonanh7@feedburner.com,Female,77,Account Representative I,Brimstone and Treacle
621,Bari,Surmeyers,bsurmeyersh8@reuters.com,Female,74,Health Coach III,Sudden Death
622,Coleman,Arblaster,carblasterh9@chron.com,Male,69,Account Representative II,Give My Regards to Broad Street
623,Dicky,Hessing,dhessingha@prweb.com,Non-binary,79,Marketing Manager,Max
624,Roman,Siman,rsimanhb@cbsnews.com,Agender,50,Structural Engineer,PCU
625,Ileane,Pedican,ipedicanhc@yellowpages.com,Female,49,Structural Engineer,Stand Up and Fight
626,Sephira,Maymond,smaymondhd@mit.edu,Female,48,Automation Specialist IV,The Time Being
627,Miles,Craigg,mcraigghe@washingtonpost.com,Male,64,Desktop Support Technician,Chasing Sleep
628,Arabele,O'Meara,aomearahf@nifty.com,Female,53,Account Representative I,House of Frankenstein
629,Helenka,Benning,hbenninghg@printfriendly.com,Female,54,Junior Executive,Chloe
630,Hannie,Danielczyk,hdanielczykhh@storify.com,Female,53,Junior Executive,Linewatch
631,Egan,Carnall,ecarnallhi@vkontakte.ru,Male,52,Media Manager I,"Last American Virgin, The"
632,Sayer,Labet,slabethj@bbb.org,Male,20,Environmental Tech,It's a Disaster
633,Tish,Earsman,tearsmanhk@seattletimes.com,Female,45,Editor,It Runs in the Family (My Summer Story)
634,Claresta,Jean,cjeanhl@goo.ne.jp,Female,47,Dental Hygienist,"She No Longer Talks, She Shoots"
635,Marlene,Hammerman,mhammermanhm@economist.com,Female,40,Nurse,On Probation (Tiempo de Valientes)
636,Noelani,Andrysiak,nandrysiakhn@wix.com,Female,67,Environmental Tech,Ito: A Diary of an Urban Priest (Seitti - kilvoittelijan päiväkirja)
637,Garik,Richemond,grichemondho@mayoclinic.com,Male,27,Pharmacist,Romantics Anonymous (Les émotifs anonymes)
638,Town,Heatherington,theatheringtonhp@imgur.com,Male,46,Software Engineer IV,Septien
639,Daisey,Sambedge,dsambedgehq@cdbaby.com,Genderqueer,61,Research Assistant III,"Laughing Policeman, The"
640,Kellyann,Doggerell,kdoggerellhr@theglobeandmail.com,Female,29,Help Desk Operator,Billy Liar
641,Aryn,Cooke,acookehs@163.com,Genderfluid,53,Database Administrator I,May in the Summer
642,Kristel,Maffeo,kmaffeoht@sakura.ne.jp,Female,31,Pharmacist,Drive Angry
643,Jarred,Gerhts,jgerhtshu@hhs.gov,Male,74,Operator,New Kids Turbo
644,Glen,Denisyuk,gdenisyukhv@statcounter.com,Female,58,Research Associate,Accident
645,Rosabella,Ashplant,rashplanthw@mapquest.com,Female,21,Environmental Tech,Endeavour
646,Alfonse,Caudrelier,acaudrelierhx@indiatimes.com,Male,33,Chief Design Engineer,Condition Red (Beyond the Law)
647,Georgia,Friedman,gfriedmanhy@gravatar.com,Female,26,Graphic Designer,Baghead
648,Phedra,Gutsell,pgutsellhz@ehow.com,Female,51,Marketing Assistant,"War Game, The"
649,Bradan,Ducrow,bducrowi0@ucla.edu,Male,37,Senior Financial Analyst,Born to Be Bad
650,Norrie,Blofield,nblofieldi1@mashable.com,Male,76,Tax Accountant,"Four Days of Naples, The (Le quattro giornate di Napoli)"
651,Sigvard,Undy,sundyi2@miitbeian.gov.cn,Male,75,Web Developer II,SOS - en segelsällskapsresa
652,Elfrida,Killford,ekillfordi3@instagram.com,Female,45,Developer I,Beautiful Girl
653,Filberto,Lindner,flindneri4@sogou.com,Male,48,Nurse,"Angels' Share, The"
654,Phillie,Reading,preadingi5@icq.com,Female,73,Engineer IV,Underclassman
655,Alana,Kapiloff,akapiloffi6@1688.com,Female,39,Staff Scientist,A Walk in the Old City of Warsaw
656,Charo,O'Crevan,cocrevani7@tamu.edu,Female,23,Product Engineer,No Mercy (Yongseoneun Eupda)
657,Maxy,Ingray,mingrayi8@fda.gov,Female,40,Project Manager,Sometimes They Come Back... for More
658,Guthry,Mundie,gmundiei9@oaic.gov.au,Male,45,Senior Cost Accountant,"Adventures of Huckleberry Finn, The"
659,Brennan,Creaser,bcreaseria@auda.org.au,Male,27,Chief Design Engineer,"Texas Chainsaw Massacre, The"
660,Ashlan,Bootyman,abootymanib@phoca.cz,Female,25,Registered Nurse,August Mordum's Underground
661,Evonne,Gruszka,egruszkaic@house.gov,Female,73,Statistician I,"Fists in the Pocket (Pugni in tasca, I)"
662,Bessie,Towersey,btowerseyid@smugmug.com,Female,64,Professor,Bells Are Ringing
663,Galvin,Brody,gbrodyie@sina.com.cn,Male,69,Librarian,Daar
664,Osmond,Overel,ooverelif@hud.gov,Bigender,45,Chemical Engineer,Gaby: A True Story
665,Margaret,Ishaki,mishakiig@apple.com,Female,61,Software Engineer II,My Way to Olympia (Mein Weg nach Olympia)
666,Dud,Freckingham,dfreckinghamih@intel.com,Male,76,Product Engineer,"Big Mommas: Like Father, Like Son"
667,Beauregard,Antoniades,bantoniadesii@goo.ne.jp,Male,43,Desktop Support Technician,"Forgotten, The"
668,Roy,Fache,rfacheij@home.pl,Male,76,Operator,Here Comes the Navy
669,Kele,Rowes,krowesik@elegantthemes.com,Male,64,VP Marketing,Blood Work
670,Arvie,Capeloff,acapeloffil@vkontakte.ru,Male,54,Developer IV,Final Fantasy: The Spirits Within
671,Rinaldo,Escott,rescottim@dailymotion.com,Male,73,Geological Engineer,"Producers, The"
672,Benjie,Slucock,bslucockin@oaic.gov.au,Male,24,Safety Technician I,Concussion
673,Aida,Syde,asydeio@time.com,Female,71,VP Accounting,"Leech Woman, The"
674,Hedvige,Tant,htantip@yahoo.com,Non-binary,33,Civil Engineer,Corvette Summer
675,Bellina,Postans,bpostansiq@ucla.edu,Female,41,Analog Circuit Design manager,Tremors II: Aftershocks
676,Domenico,Bosence,dbosenceir@ted.com,Male,58,Software Consultant,Frequencies
677,Rosa,Bellison,rbellisonis@themeforest.net,Female,27,Health Coach I,Ollie Hopnoodle's Haven of Bliss
678,Feliza,Axe,faxeit@wikimedia.org,Female,47,Product Engineer,Highly Dangerous
679,Abner,Paulot,apaulotiu@princeton.edu,Non-binary,52,Statistician II,American Mary
680,Leelah,Fillan,lfillaniv@cnn.com,Female,53,VP Sales,"Saltmen of Tibet, The (Salzmänner von Tibet, Die)"
681,Kristel,Flahive,kflahiveiw@vimeo.com,Agender,33,Dental Hygienist,Stay
682,Pauly,Leggat,pleggatix@skyrock.com,Male,64,Web Developer III,Bertie and Elizabeth
683,Malena,Watling,mwatlingiy@phoca.cz,Female,32,Senior Developer,"Lords of Flatbush, The"
684,Thom,Prozillo,tprozilloiz@ed.gov,Male,51,Desktop Support Technician,Bal (Honey)
685,Kaiser,Merton,kmertonj0@imageshack.us,Male,71,Civil Engineer,Swing
686,Bogey,Beade,bbeadej1@ow.ly,Male,79,Electrical Engineer,What Time Is It There? (Ni neibian jidian)
687,Oswell,Konmann,okonmannj2@bandcamp.com,Male,60,Statistician I,Nadine
688,Ephraim,Piper,epiperj3@nyu.edu,Male,30,Teacher,Man Made Monster
689,Sergei,Shreeve,sshreevej4@domainmarket.com,Male,51,VP Sales,"Willow Tree, The (Beed-e majnoon)"
690,Jory,Greenley,jgreenleyj5@latimes.com,Male,48,Recruiter,"Silent Night, Bloody Night"
691,Chris,Hubball,chubballj6@wunderground.com,Non-binary,52,Senior Quality Engineer,"Phenix City Story, The"
692,Portie,Bradick,pbradickj7@house.gov,Male,45,Research Assistant IV,Goofy Movies Number One
693,Dana,Rochester,drochesterj8@yolasite.com,Male,44,Speech Pathologist,"Beauty and the Beast (Belle et la bête, La)"
694,Hy,Jumonet,hjumonetj9@bloglines.com,Male,67,Safety Technician III,Appleseed Alpha
695,Izak,Meekin,imeekinja@cocolog-nifty.com,Male,69,Structural Analysis Engineer,Shock Waves
696,Ricky,Eglinton,reglintonjb@zdnet.com,Female,79,Administrative Assistant IV,Whiplash
697,Terencio,Glander,tglanderjc@naver.com,Male,73,Pharmacist,CBGB
698,Yurik,Niece,yniecejd@reverbnation.com,Male,38,Engineer I,"Lone Ranger, The"
699,Augie,Gaber,agaberje@economist.com,Male,67,Registered Nurse,"Replacements, The"
700,Benny,Bartoletti,bbartolettijf@theglobeandmail.com,Female,32,Geologist IV,Call Northside 777
701,Hieronymus,Labb,hlabbjg@opera.com,Male,37,Payment Adjustment Coordinator,And the Ship Sails On (E la nave va)
702,Heath,Matieu,hmatieujh@loc.gov,Male,72,Occupational Therapist,One Tough Cop
703,Wilt,Walsh,wwalshji@opera.com,Male,51,Operator,"Man Who Could Work Miracles, The"
704,Jules,Thrussell,jthrusselljj@123-reg.co.uk,Non-binary,48,Administrative Assistant III,"Taste of Tea, The (Cha no aji)"
705,Koenraad,Mably,kmablyjk@auda.org.au,Male,23,Compensation Analyst,Soft Fruit
706,Umberto,Barkley,ubarkleyjl@bizjournals.com,Male,31,Environmental Tech,Everybody's Famous! (Iedereen beroemd!)
707,Benny,Hawkswood,bhawkswoodjm@unicef.org,Female,66,Account Representative I,La Bandera
708,Horatio,Baddeley,hbaddeleyjn@usgs.gov,Male,25,Data Coordinator,Judas Kiss
709,Dara,Baum,dbaumjo@weather.com,Female,23,Project Manager,Brick Lane
710,Evey,Calverley,ecalverleyjp@xing.com,Female,40,Account Executive,Hangman's Knot
711,Gae,Hawk,ghawkjq@latimes.com,Female,55,Senior Editor,Killer Bean 2: The Party
712,Ray,Bentham,rbenthamjr@webnode.com,Genderfluid,28,Recruiting Manager,Nom de code : Rose
713,Lorita,Halbeard,lhalbeardjs@princeton.edu,Female,78,Office Assistant II,Broken Blossoms or The Yellow Man and the Girl
714,Rosabel,Weiser,rweiserjt@biblegateway.com,Female,64,Junior Executive,God told Me To
715,Gusta,Kester,gkesterju@amazon.de,Female,76,Paralegal,12 Rounds 2: Reloaded
716,Tally,Simioni,tsimionijv@google.com.br,Male,58,Paralegal,Better Than Sex
717,Jeanette,Zanni,jzannijw@myspace.com,Female,79,Assistant Media Planner,"St. Francisville Experiment, The"
718,Doug,Aleksankin,daleksankinjx@dropbox.com,Male,68,Information Systems Manager,"Civil Action, A"
719,Petronille,Normanville,pnormanvillejy@w3.org,Female,39,Senior Quality Engineer,"Student, The (El estudiante)"
720,Patrica,Bolingbroke,pbolingbrokejz@goo.gl,Female,40,Safety Technician I,Godzilla vs. The Sea Monster (Gojira-Ebira-Mosura: Nankai no daiketto)
721,Doy,Fido,dfidok0@hatena.ne.jp,Male,72,Systems Administrator III,Sex and the City
722,Darren,Daily,ddailyk1@quantcast.com,Male,66,Electrical Engineer,"Speed Of Thought, The"
723,Kile,Lacey,klaceyk2@icq.com,Male,21,Project Manager,Hellbenders
724,Maribel,Sabater,msabaterk3@sogou.com,Female,54,Environmental Specialist,Gitarrmongot
725,Finlay,Seawright,fseawrightk4@sakura.ne.jp,Male,72,Mechanical Systems Engineer,The Crown Jewels
726,Dyan,Turville,dturvillek5@spotify.com,Genderqueer,56,Senior Developer,"Hidden, The"
727,Leeland,Van Haeften,lvanhaeftenk6@github.io,Male,44,Human Resources Assistant I,Cameron's Closet
728,Toiboid,Gaize,tgaizek7@reference.com,Male,44,Senior Developer,Win Win
729,Nannie,McMakin,nmcmakink8@vistaprint.com,Female,28,Recruiter,Lolita
730,Currey,Espadas,cespadask9@prweb.com,Male,56,Office Assistant III,Death Wish 4: The Crackdown
731,Arther,Wedderburn,awedderburnka@cafepress.com,Male,23,Senior Cost Accountant,Ladybug Ladybug 
732,Franny,Dench,fdenchkb@slideshare.net,Genderqueer,44,Senior Cost Accountant,House of Bamboo
733,Sheela,Court,scourtkc@infoseek.co.jp,Female,65,Occupational Therapist,"Cottage, The"
734,Jobey,Horrell,jhorrellkd@google.ca,Polygender,74,Civil Engineer,Brothers
735,Valentia,Tettersell,vtettersellke@nymag.com,Female,24,Budget/Accounting Analyst II,Above the Rim
736,Myranda,Casillas,mcasillaskf@cmu.edu,Female,43,Internal Auditor,"Long, Long Trailer, The"
737,Honoria,Chatteris,hchatteriskg@ftc.gov,Female,67,Account Representative III,After You (Après vous...)
738,Franciskus,Hayen,fhayenkh@ow.ly,Male,62,Sales Representative,"Punisher, The"
739,Violetta,Duprey,vdupreyki@shareasale.com,Female,29,Assistant Manager,Part of the Weekend Never Dies
740,Annabelle,Pevsner,apevsnerkj@networkadvertising.org,Female,62,Programmer Analyst IV,Blame It on the Bellboy
741,Rori,Bartelli,rbartellikk@bloglovin.com,Female,32,Quality Control Specialist,Get Real
742,Delainey,Woodwind,dwoodwindkl@bloomberg.com,Male,43,Recruiting Manager,That's The Way I Like It (a.k.a. Forever Fever)
743,Salaidh,Hanford,shanfordkm@bloglovin.com,Female,69,VP Accounting,An American Tail: The Treasure of Manhattan Island
744,Corena,Owlner,cowlnerkn@shinystat.com,Female,31,Office Assistant II,Brüno (Bruno)
745,Winne,Gerhardt,wgerhardtko@fda.gov,Female,48,Human Resources Manager,"Tempest, The"
746,Berkie,Ruller,brullerkp@discovery.com,Male,38,Account Representative II,Numbskull Emptybrook (Uuno Turhapuro)
747,Jocelin,Skyner,jskynerkq@npr.org,Female,37,Research Nurse,Tinker Bell and the Lost Treasure
748,Arleyne,Wortt,aworttkr@ameblo.jp,Bigender,40,Sales Associate,Wagon Master
749,Hattie,Seeks,hseeksks@4shared.com,Female,51,General Manager,"Commune, La (Paris, 1871)"
750,Stuart,Hugues,shugueskt@blogspot.com,Male,54,Nurse,"Devils, The"
751,Arman,Coveney,acoveneyku@nydailynews.com,Male,24,Teacher,Steal This Movie!
752,Leandra,Bonellie,lbonelliekv@cdbaby.com,Female,55,Automation Specialist III,"Stranger in Me, The (Das Fremde in mir)"
753,Jerrie,Hutcheons,jhutcheonskw@nytimes.com,Female,78,Office Assistant IV,Pokémon: The First Movie
754,Javier,Pedel,jpedelkx@hp.com,Male,37,Paralegal,The Story of Alexander Graham Bell
755,Rena,Egdal,regdalky@fc2.com,Female,80,Automation Specialist III,"Other Side of Midnight, The"
756,Cobbie,Labb,clabbkz@reddit.com,Male,28,Graphic Designer,Crocodile Dundee II
757,Mathian,Bendixen,mbendixenl0@yolasite.com,Genderqueer,30,Technical Writer,His Girl Friday
758,Carol-jean,Beamish,cbeamishl1@ted.com,Female,56,Analog Circuit Design manager,"Sweet Hereafter, The"
759,Hildagard,Margeram,hmargeraml2@latimes.com,Female,40,Marketing Assistant,"Alibi, The (Lies and Alibis)"
760,Brigham,Rymill,brymilll3@reuters.com,Male,71,Project Manager,Rich Hill
761,Jo,Dzenisenka,jdzenisenkal4@globo.com,Male,54,Environmental Tech,Tru Confessions
762,Hale,Balcombe,hbalcombel5@mail.ru,Male,41,Clinical Specialist,Beautiful Dreamer: Brian Wilson and the Story of 'Smile'
763,Vivienne,Stokell,vstokelll6@angelfire.com,Female,26,Civil Engineer,"Grey, The"
764,Aldridge,Spellard,aspellardl7@drupal.org,Male,49,Associate Professor,Bustin' Loose
765,Rees,Attewill,rattewilll8@desdev.cn,Male,70,Mechanical Systems Engineer,"Anthropophagus: The Grim Reaper (Antropophagus) (Man Beast) (Savage Island, The) (Zombie's Rage, The)"
766,Kerianne,Leist,kleistl9@usatoday.com,Female,72,Software Engineer II,"World Apart, A"
767,Linoel,Norcop,lnorcopla@marketwatch.com,Non-binary,75,Sales Representative,"Certain Kind Of Death, A"
768,Alonso,Jarret,ajarretlb@trellian.com,Male,34,Information Systems Manager,In This Our Life
769,Emmerich,Clowley,eclowleylc@tumblr.com,Polygender,57,Administrative Officer,Red Dog
770,Alf,Muckleston,amucklestonld@ustream.tv,Male,28,Analog Circuit Design manager,Body of Water (Syvälle salattu)
771,Roxane,Ryan,rryanle@amazonaws.com,Female,51,Marketing Manager,Reflections in a Golden Eye
772,Beniamino,Mabley,bmableylf@cmu.edu,Male,77,Web Designer II,If God Is Willing and da Creek Don't Rise
773,Cherri,Iorio,cioriolg@webeden.co.uk,Female,63,Civil Engineer,Butter
774,Corella,McKew,cmckewlh@seesaa.net,Polygender,51,Professor,"Age of the Medici, The (L'età di Cosimo de Medici) "
775,Nikolas,Blackly,nblacklyli@latimes.com,Male,56,Senior Editor,Chizuko's Younger Sister (Futari)
776,Doris,Mulvy,dmulvylj@sciencedaily.com,Female,76,Occupational Therapist,Busting
777,Annamaria,Batterson,abattersonlk@thetimes.co.uk,Female,32,Business Systems Development Analyst,Whistling in Dixie
778,Chad,Keddle,ckeddlell@google.fr,Female,72,Structural Analysis Engineer,U Turn
779,Adelice,Clendennen,aclendennenlm@meetup.com,Female,80,Data Coordinator,Michael
780,Elfrida,Camois,ecamoisln@wufoo.com,Female,26,Design Engineer,All American Orgy (Cummings Farm)
781,Willis,Michurin,wmichurinlo@pinterest.com,Male,43,Database Administrator II,"Brain, The"
782,Joe,Fishenden,jfishendenlp@mayoclinic.com,Male,53,Recruiting Manager,Tony Manero
783,Beret,McGillreich,bmcgillreichlq@hatena.ne.jp,Female,74,Senior Editor,"Look, Up in the Sky! The Amazing Story of Superman"
784,Corey,Andrichuk,candrichuklr@craigslist.org,Male,38,Geological Engineer,No Time for Nuts
785,Noreen,Everal,neveralls@delicious.com,Agender,72,Director of Sales,Lawman
786,Caldwell,Hudd,chuddlt@foxnews.com,Agender,24,Media Manager II,"Dead Girl, The"
787,Jarret,Lugton,jlugtonlu@bloglines.com,Male,35,Media Manager II,Marlene Dietrich: Shadow and Light
788,Tuesday,Colbert,tcolbertlv@deviantart.com,Female,39,Product Engineer,Helvetica
789,Ky,Lohden,klohdenlw@google.com.au,Male,53,Mechanical Systems Engineer,Unleashed (Danny the Dog)
790,Consalve,Bishell,cbishelllx@usatoday.com,Male,54,Software Consultant,"Aviator, The"
791,Purcell,Morphey,pmorpheyly@google.de,Male,30,Senior Quality Engineer,Antz
792,Issy,Clemits,iclemitslz@yale.edu,Female,58,Data Coordinator,"Second Chance, The"
793,Marj,Koeppe,mkoeppem0@oaic.gov.au,Female,46,Design Engineer,La Belle Verte
794,Marcie,Matisoff,mmatisoffm1@tmall.com,Female,56,VP Sales,Hopscotch
795,Dulci,Spinetti,dspinettim2@vimeo.com,Female,24,Web Developer IV,Broadway Melody of 1936
796,Irvin,Strafford,istraffordm3@nhs.uk,Male,71,Software Engineer II,Arthur
797,Gabby,Janauschek,gjanauschekm4@php.net,Male,42,Technical Writer,Ladrón que roba a ladrón
798,Megen,Chorley,mchorleym5@ibm.com,Female,29,Financial Analyst,"Battle of Russia, The (Why We Fight, 5)"
799,Quill,Di Biaggi,qdibiaggim6@hugedomains.com,Male,41,Chemical Engineer,"Sin of Harold Diddlebock, The"
800,Stanwood,Burbage,sburbagem7@wordpress.org,Male,69,Design Engineer,"Night in Casablanca, A"
801,Sibyl,Humphrys,shumphrysm8@answers.com,Male,67,Physical Therapy Assistant,Chilly Scenes of Winter (Head Over Heels)
802,Ruthanne,McDoual,rmcdoualm9@mediafire.com,Female,42,Graphic Designer,Alexandria... Why? (Iskanderija... lih?)
803,Kaylyn,Seeler,kseelerma@clickbank.net,Female,58,Administrative Assistant I,Clouds of Sils Maria
804,Algernon,Reichelt,areicheltmb@youtube.com,Male,61,Account Executive,Moon of the Wolf
805,Wyatan,Habens,whabensmc@jugem.jp,Male,67,Compensation Analyst,Warren Oates: Across the Border
806,Trstram,Chichgar,tchichgarmd@prlog.org,Male,31,Help Desk Technician,"Story of Maths, The"
807,Frederick,Jacquot,fjacquotme@gravatar.com,Male,48,Software Consultant,"One and Only, The (Eneste ene, Den)"
808,Javier,Binney,jbinneymf@mozilla.org,Male,61,Environmental Tech,"Village, The"
809,Catrina,Knowling,cknowlingmg@instagram.com,Polygender,25,Internal Auditor,Mad Money
810,Francisco,Eddicott,feddicottmh@quantcast.com,Male,29,Graphic Designer,Deadly Surveillance
811,Pearce,Gregore,pgregoremi@un.org,Male,37,Account Representative I,The Heart of the World
812,Clement,Vizard,cvizardmj@vinaora.com,Male,33,Project Manager,Sunnyside
813,Zarah,Lethbridge,zlethbridgemk@nasa.gov,Female,26,Assistant Professor,Gardenia
814,Cleve,Betancourt,cbetancourtml@cnn.com,Male,35,Analog Circuit Design manager,Red Dog
815,Barrie,Glandon,bglandonmm@ibm.com,Male,47,Geologist I,Absolute Aggression
816,Park,O'Reilly,poreillymn@chronoengine.com,Male,33,Media Manager III,Mercenary for Justice
817,Freddy,Georgiades,fgeorgiadesmo@imgur.com,Female,65,Accountant II,"Wind and the Lion, The"
818,Tiff,Northover,tnorthovermp@sun.com,Female,25,Staff Accountant II,Kung Fu Panda
819,Roanna,Sive,rsivemq@liveinternet.ru,Female,44,Teacher,"Bashu, the Little Stranger (Bashu, gharibeye koochak)"
820,Hebert,Rahill,hrahillmr@edublogs.org,Male,36,Developer II,Beyond Enemy Lines (Framom främsta linjen)
821,Reeta,Watson,rwatsonms@mayoclinic.com,Female,48,Operator,Impostor
822,Thatcher,Absolem,tabsolemmt@mlb.com,Male,57,Structural Engineer,Revanche
823,Pammie,Sweet,psweetmu@upenn.edu,Female,63,Mechanical Systems Engineer,Faat Kiné
824,Benjamin,Francello,bfrancellomv@gravatar.com,Male,58,Clinical Specialist,Haunt
825,Rex,Prandoni,rprandonimw@mit.edu,Bigender,64,Physical Therapy Assistant,Fear Me Not (Den du frygter)
826,Elladine,McIlhagga,emcilhaggamx@kickstarter.com,Female,73,Legal Assistant,"Dinosaur Project, The"
827,Revkah,Vinecombe,rvinecombemy@pagesperso-orange.fr,Female,59,Business Systems Development Analyst,Bullet to the Head
828,Errick,Hampson,ehampsonmz@163.com,Male,55,Mechanical Systems Engineer,"Great Sinner, The"
829,Vitoria,Thorns,vthornsn0@webeden.co.uk,Female,39,Account Executive,White House Down
830,Monah,Bradden,mbraddenn1@constantcontact.com,Female,32,Legal Assistant,Cry of the City
831,Giffie,Cannaway,gcannawayn2@networkadvertising.org,Male,44,VP Product Management,"Warm December, A"
832,Alyosha,Rois,aroisn3@google.ru,Male,30,Paralegal,Hamlet
833,Zollie,Cloy,zcloyn4@1688.com,Male,76,Junior Executive,Where the Rivers Flow North
834,Dexter,Umbers,dumbersn5@ebay.co.uk,Male,78,Health Coach IV,Medea
835,Syd,Verbeek,sverbeekn6@epa.gov,Male,40,Recruiter,"Hairdresser's Husband, The (Le mari de la coiffeuse)"
836,Vincenty,Lidyard,vlidyardn7@delicious.com,Male,23,Junior Executive,"Last Witness, The"
837,Datha,St. Paul,dstpauln8@salon.com,Female,51,Editor,Drunken Tai Chi (Siu taai gik)
838,Herta,Goodoune,hgoodounen9@biglobe.ne.jp,Female,23,General Manager,AVP: Alien vs. Predator
839,Westleigh,Feechan,wfeechanna@quantcast.com,Male,26,Software Engineer I,No Name on the Bullet
840,Chrystal,Hallums,challumsnb@gnu.org,Female,21,Research Associate,Keep the Lights On
841,Thalia,Giamo,tgiamonc@feedburner.com,Agender,72,Assistant Media Planner,Norwegian Ninja
842,Ardith,Anfrey,aanfreynd@mail.ru,Female,38,Mechanical Systems Engineer,"Sixth of the World, A (Shestaya chast mira)"
843,Giselle,Ilyukhov,gilyukhovne@storify.com,Female,30,Electrical Engineer,"Whales of August, The"
844,Beckie,Morforth,bmorforthnf@rediff.com,Female,20,Electrical Engineer,Christiane F. (a.k.a. We Children from Bahnhof Zoo) (Christiane F. - Wir Kinder vom Bahnhof Zoo)
845,Clayborn,Mackrell,cmackrellng@phpbb.com,Male,68,Marketing Assistant,Vasermil
846,Jeth,Roughey,jrougheynh@studiopress.com,Male,21,Professor,Le Donk & Scor-zay-zee
847,Gib,Durrans,gdurransni@kickstarter.com,Male,77,Biostatistician II,Shadows Over Chinatown
848,Byrann,Shakelade,bshakeladenj@salon.com,Male,24,Geological Engineer,Byzantium
849,Xenia,Brayfield,xbrayfieldnk@parallels.com,Female,49,Food Chemist,The Boy in the Mirror
850,Dian,Bromley,dbromleynl@hexun.com,Female,55,Assistant Manager,"Squall, The"
851,Darbie,Burnett,dburnettnm@1688.com,Female,79,Business Systems Development Analyst,Fame High
852,Hendrick,MacNelly,hmacnellynn@freewebs.com,Male,42,Web Designer I,I Saw the Sun (Günesi gördüm)
853,Gannie,Brimmicombe,gbrimmicombeno@clickbank.net,Male,67,Biostatistician III,Lady Liberty
854,Eada,Denes,edenesnp@chicagotribune.com,Female,29,Account Coordinator,Sounder
855,Krystle,Shimwall,kshimwallnq@smugmug.com,Female,35,Help Desk Technician,Goodbye to All That
856,Merola,Michel,mmichelnr@geocities.com,Female,73,Data Coordinator,Tom and Huck
857,Cristine,Thurley,cthurleyns@parallels.com,Polygender,79,Product Engineer,Heavyweights (Heavy Weights)
858,Vincent,Tumility,vtumilitynt@si.edu,Male,69,Registered Nurse,Temptation of a Monk (You Seng)
859,Algernon,Goodoune,agoodounenu@java.com,Male,64,Software Test Engineer III,"Lonely Place to Die, A"
860,Aline,Brambill,abrambillnv@zdnet.com,Female,27,Speech Pathologist,Nights in Rodanthe
861,Clem,Pennacci,cpennaccinw@narod.ru,Male,73,Systems Administrator II,Fixed Bayonets!
862,Obadias,MacDonnell,omacdonnellnx@google.nl,Non-binary,23,Quality Engineer,Death Defying Acts
863,Felicia,Bertwistle,fbertwistleny@taobao.com,Female,22,Project Manager,Grumpy Cat's Worst Christmas Ever
864,Johny,Tulleth,jtullethnz@deliciousdays.com,Male,41,Senior Quality Engineer,"Shaggy Dog, The"
865,Lindon,Sweetman,lsweetmano0@un.org,Male,72,Editor,Drug War (Du zhan)
866,Terry,Gerretsen,tgerretseno1@privacy.gov.au,Male,31,Recruiter,Gone Baby Gone
867,Aluin,Goodey,agoodeyo2@netvibes.com,Male,77,Paralegal,"Age of Innocence, The"
868,Lucas,Carslaw,lcarslawo3@hostgator.com,Male,63,Clinical Specialist,Puppet Master III: Toulon's Revenge
869,Lucian,Kedie,lkedieo4@tiny.cc,Male,33,Database Administrator I,"Maria, ihm schmeckt's nicht! (Maria, He Doesn't Like It)"
870,Modesty,Deftie,mdeftieo5@prlog.org,Female,45,Information Systems Manager,Honeymoon
871,Chloette,Terrill,cterrillo6@ovh.net,Female,80,Statistician I,Destination Moon
872,Augustine,Shearsby,ashearsbyo7@nhs.uk,Female,66,Design Engineer,Dumb & Dumber (Dumb and Dumber)
873,Cyndi,Penney,cpenneyo8@cafepress.com,Female,46,Senior Sales Associate,Grace of Monaco
874,Harrietta,Mont,hmonto9@imdb.com,Female,62,Environmental Tech,Run Silent Run Deep
875,Betteann,Perotti,bperottioa@123-reg.co.uk,Female,49,Senior Developer,"Road, Movie"
876,Regen,Huxtable,rhuxtableob@dedecms.com,Male,74,Nurse,Adoration
877,Blithe,Vanichkin,bvanichkinoc@acquirethisname.com,Female,27,Automation Specialist IV,The Incite Mill - 7 Day Death Game
878,Gaynor,Florey,gfloreyod@typepad.com,Female,73,Senior Financial Analyst,The Ghost Story of Oiwa's Spirit
879,Tony,Springett,tspringettoe@upenn.edu,Male,47,Dental Hygienist,"Bride Came C.O.D., The"
880,Leonanie,Klaiser,lklaiserof@constantcontact.com,Female,42,Data Coordinator,College
881,Quinton,Haynesford,qhaynesfordog@hp.com,Male,21,Professor,Courage Mountain
882,Luke,Causey,lcauseyoh@domainmarket.com,Male,27,Computer Systems Analyst I,"Me Too (Yo, también)"
883,Keary,Varndell,kvarndelloi@psu.edu,Male,38,Administrative Officer,Madame Sousatzka
884,Herrick,Tschierse,htschierseoj@upenn.edu,Male,72,Graphic Designer,Mass Appeal
885,Constancy,Furst,cfurstok@multiply.com,Female,38,Pharmacist,Mission to Moscow
886,Marten,Doreward,mdorewardol@zimbio.com,Male,23,Registered Nurse,Celine: Through the Eyes of the World
887,Pooh,Sexton,psextonom@whitehouse.gov,Male,29,Safety Technician IV,"General, The"
888,Sibby,Tuohy,stuohyon@photobucket.com,Female,58,Environmental Tech,"Servant, The"
889,Kathye,Leffek,kleffekoo@gmpg.org,Female,69,Account Executive,Shining Through
890,Eduardo,Prall,eprallop@deliciousdays.com,Male,42,Civil Engineer,Jupiter Ascending
891,Mufi,Dutnell,mdutnelloq@amazon.com,Female,33,Administrative Officer,Call Girl
892,Fianna,Mackieson,fmackiesonor@indiegogo.com,Female,49,Assistant Professor,All About Actresses (Le bal des actrices)
893,Carlotta,Gosnall,cgosnallos@sbwire.com,Female,35,Systems Administrator II,7 Faces of Dr. Lao
894,Germaine,Easterby,geasterbyot@indiegogo.com,Male,68,Financial Advisor,"Mirror Has Two Faces, The"
895,Willyt,Christiensen,wchristiensenou@amazon.co.uk,Female,53,Structural Analysis Engineer,Sommersby
896,Virginie,Ivatts,vivattsov@domainmarket.com,Female,66,Payment Adjustment Coordinator,Üvegtigris
897,Si,Ruoss,sruossow@parallels.com,Male,72,Community Outreach Specialist,El Escarabajo de Oro
898,Miguela,Pentin,mpentinox@hc360.com,Female,73,Systems Administrator I,Heavy Metal 2000
899,Ford,Huntar,fhuntaroy@imdb.com,Male,48,Administrative Assistant II,Children of Men
900,Elisha,Gersam,egersamoz@com.com,Male,50,Junior Executive,Survival of the Dead
901,Desi,Hane,dhanep0@cafepress.com,Male,70,Editor,Deep Sea 3D
902,Mahala,MacCafferty,mmaccaffertyp1@answers.com,Female,22,Financial Analyst,Zift
903,Zebedee,MacDermand,zmacdermandp2@github.com,Non-binary,58,VP Sales,"American Tail: Fievel Goes West, An"
904,Liana,Smorthit,lsmorthitp3@nhs.uk,Female,26,Professor,Heads
905,Oran,Pindar,opindarp4@homestead.com,Male,39,Staff Scientist,Theatre of Blood
906,Bennie,Siemantel,bsiemantelp5@ameblo.jp,Male,32,Social Worker,Black Rock
907,Bethany,Whittlesea,bwhittleseap6@washingtonpost.com,Female,45,Analog Circuit Design manager,Unknown White Male
908,Legra,Mains,lmainsp7@google.nl,Female,35,Community Outreach Specialist,His Name Was Jason: 30 Years of Friday the 13th
909,Mata,Gresser,mgresserp8@wordpress.org,Male,75,Graphic Designer,Ghost Dad
910,Gaston,Harflete,gharfletep9@sun.com,Male,32,Quality Engineer,"Terminal, The"
911,Gavin,Creaney,gcreaneypa@pinterest.com,Male,68,Recruiting Manager,"Four Days of Naples, The (Le quattro giornate di Napoli)"
912,Richmound,Bowsher,rbowsherpb@i2i.jp,Male,36,Research Assistant I,Bigfoot
913,Loren,Albarez,lalbarezpc@about.me,Female,80,Registered Nurse,Lucky Jordan
914,Barbey,Bullers,bbullerspd@shareasale.com,Female,46,Account Coordinator,Carts of Darkness
915,Martica,Winscum,mwinscumpe@scribd.com,Female,75,Engineer I,Queen of Hearts
916,Alidia,Lafont,alafontpf@nps.gov,Female,46,VP Accounting,Jack Reacher
917,Fifine,Smurfit,fsmurfitpg@google.co.uk,Female,20,Financial Analyst,"Girl of Your Dreams, The (Niña de tus ojos, La)"
918,Suzi,Faccini,sfacciniph@ebay.co.uk,Female,60,Help Desk Operator,"Makioka Sisters, The (Sasame-yuki)"
919,Rutter,Course,rcoursepi@microsoft.com,Male,59,Recruiter,Morning Patrol (Proini peripolos)
920,Cullen,Sunshine,csunshinepj@goodreads.com,Male,22,Software Engineer IV,Blue Caprice
921,Willetta,Battista,wbattistapk@edublogs.org,Female,33,Compensation Analyst,Diamond Girl
922,Eada,Kingman,ekingmanpl@hp.com,Female,26,Technical Writer,Troy
923,Jennine,Charnick,jcharnickpm@mashable.com,Female,51,Payment Adjustment Coordinator,Charlie Chan in Panama
924,Cull,Janeway,cjanewaypn@wired.com,Male,24,Senior Sales Associate,Frankenstein Conquers the World
925,Antonio,Hasling,ahaslingpo@tripod.com,Genderqueer,75,Tax Accountant,"Fourth Angel, The"
926,Karoly,Bartle,kbartlepp@prweb.com,Female,20,Compensation Analyst,Blue City
927,Teri,Farres,tfarrespq@cdc.gov,Female,24,Media Manager IV,PressPausePlay
928,Barbe,Loxdale,bloxdalepr@indiatimes.com,Female,20,Health Coach I,"Squid and the Whale, The"
929,Remington,Gurys,rgurysps@sogou.com,Male,60,Information Systems Manager,"Theory of Flight, The"
930,Darcie,Dodamead,ddodameadpt@cdbaby.com,Female,40,Paralegal,Liliom
931,Maribel,Mawman,mmawmanpu@tinyurl.com,Female,73,Senior Quality Engineer,"Freshman, The"
932,Lynett,Dearman,ldearmanpv@forbes.com,Female,64,Help Desk Operator,Still Waiting...
933,Gusta,Jewer,gjewerpw@cam.ac.uk,Agender,48,Senior Developer,"Devil's Backbone, The (Espinazo del diablo, El)"
934,Dolli,Bigadike,dbigadikepx@state.tx.us,Bigender,41,Senior Sales Associate,Instrument
935,Nicholas,Amburgy,namburgypy@over-blog.com,Male,38,GIS Technical Architect,Family Weekend
936,Kory,Thaine,kthainepz@slideshare.net,Male,42,Environmental Specialist,Clean and Sober
937,Sandy,Seldon,sseldonq0@upenn.edu,Male,39,Quality Engineer,"Battle of Algiers, The (La battaglia di Algeri)"
938,Molly,Mollnar,mmollnarq1@nydailynews.com,Female,21,Business Systems Development Analyst,"Nazis: A Warning from History, The"
939,Carmencita,Kynaston,ckynastonq2@symantec.com,Female,58,Assistant Manager,Möbius
940,Yank,Wyant,ywyantq3@dot.gov,Male,68,Dental Hygienist,Rafa
941,Neila,Kesby,nkesbyq4@bloomberg.com,Female,26,Programmer Analyst I,Manslaughter
942,Tybie,Gavaghan,tgavaghanq5@wix.com,Genderfluid,42,Librarian,Freeze Me
943,Jenna,Grigorini,jgrigoriniq6@yahoo.co.jp,Female,22,Quality Engineer,This Time Around
944,Vonny,Patman,vpatmanq7@vistaprint.com,Female,70,Marketing Assistant,"Arise, My Love"
945,Gerardo,Elster,gelsterq8@google.ru,Male,77,Office Assistant III,"Private Function, A"
946,Marcile,Peret,mperetq9@xrea.com,Female,46,Clinical Specialist,Close
947,Ashly,Mapplethorpe,amapplethorpeqa@mashable.com,Female,74,Professor,Thomasine & Bushrod
948,Marquita,Gamon,mgamonqb@miibeian.gov.cn,Female,67,Junior Executive,You Killed Me First
949,Griselda,Clamp,gclampqc@economist.com,Female,52,Analog Circuit Design manager,Miss Firecracker
950,Milzie,McCurlye,mmccurlyeqd@booking.com,Female,77,Systems Administrator II,Alice in Wonderland
951,Fairleigh,Ginni,fginniqe@fc2.com,Male,56,Database Administrator I,"Last Unicorn, The"
952,Jammal,Spinage,jspinageqf@flickr.com,Male,76,Programmer III,August
953,Helen-elizabeth,Braemer,hbraemerqg@blinklist.com,Female,58,Structural Engineer,It Happened on Fifth Avenue
954,Loralyn,Sefton,lseftonqh@slideshare.net,Female,47,Graphic Designer,"Way Home, The (Jibeuro)"
955,Tabbie,Volett,tvolettqi@reddit.com,Female,47,Geologist I,Orgy of the Dead
956,Shir,Karby,skarbyqj@sfgate.com,Female,27,Clinical Specialist,Longford
957,Deonne,Wylie,dwylieqk@paypal.com,Female,62,Research Nurse,What Women Want
958,Oralla,Irons,oironsql@purevolume.com,Female,24,Senior Editor,Cry Wolf
959,Meier,Labet,mlabetqm@oaic.gov.au,Male,64,Executive Secretary,The Referees
960,Cale,Tottle,ctottleqn@zimbio.com,Male,79,Administrative Assistant II,"World of Apu, The (Apur Sansar)"
961,Hi,Niland,hnilandqo@redcross.org,Male,38,Electrical Engineer,Go for Broke!
962,Judon,Battey,jbatteyqp@google.fr,Male,44,Tax Accountant,Futurama: The Beast with a Billion Backs
963,Bryana,Bimrose,bbimroseqq@printfriendly.com,Female,52,Senior Financial Analyst,Two Friends
964,Leona,Kleinberer,lkleinbererqr@instagram.com,Female,56,Dental Hygienist,"Tenth Man, The"
965,Moss,Casement,mcasementqs@rambler.ru,Male,22,Technical Writer,Divine Horsemen: The Living Gods of Haiti
966,Adolphus,Ham,ahamqt@nsw.gov.au,Male,45,Physical Therapy Assistant,CQ
967,Quinn,Coaker,qcoakerqu@jiathis.com,Female,67,Computer Systems Analyst IV,In Two Minds
968,Isaak,Quince,iquinceqv@google.co.uk,Agender,70,Speech Pathologist,Soldiers of Fortune
969,Rodi,Atkirk,ratkirkqw@discuz.net,Genderfluid,28,VP Marketing,"Law, The (a.k.a. Where the Hot Wind Blows!) (Legge, La)"
970,Alyosha,Sokale,asokaleqx@yandex.ru,Male,74,Web Designer I,Kermit's Swamp Years
971,Earvin,Indgs,eindgsqy@linkedin.com,Male,46,Geological Engineer,Trench Road (Juoksuhaudantie)
972,Ichabod,Gertray,igertrayqz@buzzfeed.com,Male,67,Occupational Therapist,Yes Man
973,Marika,Seadon,mseadonr0@wired.com,Female,47,Engineer IV,"Adventurer: The Curse of the Midas Box, The"
974,Hal,Cafferky,hcafferkyr1@jiathis.com,Male,44,Administrative Officer,Holiday
975,Rory,Bohling,rbohlingr2@ehow.com,Female,77,Professor,Mobsters
976,Markos,Alloisi,malloisir3@harvard.edu,Male,31,Senior Editor,Still of the Night
977,Ricca,Belsher,rbelsherr4@mit.edu,Female,74,Actuary,Noah
978,Jarrad,Chastang,jchastangr5@technorati.com,Male,63,Structural Engineer,"Gate, The"
979,Sula,Kirkham,skirkhamr6@goo.gl,Female,36,Internal Auditor,Tongan Ninja
980,Thornton,Geillier,tgeillierr7@sciencedirect.com,Male,66,Programmer Analyst IV,Outbound (Periferic)
981,Aurelea,Confort,aconfortr8@alexa.com,Female,56,Research Assistant III,In the Name of the Law
982,Isac,Blakeley,iblakeleyr9@sina.com.cn,Male,21,Media Manager III,Savage Streets
983,Briney,Kubis,bkubisra@rediff.com,Female,26,Biostatistician I,L'enfance nue (Naked Childhood)
984,Cassandre,Standering,cstanderingrb@prlog.org,Female,35,Community Outreach Specialist,A Good Marriage
985,Chery,Mordecai,cmordecairc@comcast.net,Female,62,Payment Adjustment Coordinator,Six Pack
986,Codee,Moden,cmodenrd@icio.us,Female,55,Senior Quality Engineer,Secret Reunion (Ui-hyeong-je)
987,Marilyn,Synan,msynanre@dmoz.org,Female,34,Structural Engineer,Pumping Iron
988,Crawford,Gert,cgertrf@domainmarket.com,Male,36,Administrative Assistant I,"Wheel, The (La Roue)"
989,Padgett,Argabrite,pargabriterg@hibu.com,Agender,46,Engineer II,"Ballad of Narayama, The (Narayama Bushiko)"
990,Sandor,Valsler,svalslerrh@harvard.edu,Male,27,Programmer Analyst II,Fear of Flying
991,Liana,Beverstock,lbeverstockri@dell.com,Female,23,Geologist II,Flood
992,Blinni,LLelweln,bllelwelnrj@usda.gov,Female,73,Project Manager,"Return of the Vampire, The"
993,Nil,Iacobucci,niacobuccirk@epa.gov,Male,42,Accounting Assistant IV,$ellebrity (Sellebrity)
994,Somerset,Manuel,smanuelrl@4shared.com,Male,48,Statistician IV,Zincirbozan
995,Gabi,de Cullip,gdeculliprm@salon.com,Male,46,Accounting Assistant I,Butterfly on a Wheel (Shattered)
996,Dilly,Vela,dvelarn@reference.com,Male,28,Account Representative IV,No Way to Treat a Lady
997,Lurleen,Moncur,lmoncurro@g.co,Female,52,Civil Engineer,Macario
998,Cassandry,Groucock,cgroucockrp@icq.com,Female,22,Quality Engineer,"Boys Diving, Honolulu"
999,Rouvin,Gowen,rgowenrq@nytimes.com,Male,56,Technical Writer,Backstage
1000,Skye,Russell,srussellrr@stanford.edu,Non-binary,35,Technical Writer,"Susana (Devil and the Flesh, The)"
